Type,Chip,Disp,Electrolyte,Potential [V],Pulse #,Polarization,IDSant (10sp 5sa) [A],Std IDSant [A],IDSdur (10sp 15sa) [A],Std IDSdur [A],IDSdep (10sp 30sd) [A],Std IDSdep [A],delIDS [A],Std del IDS [A],RatioIDS,Std RazIDS
Standard,1,1,KCl,0.8,1,pos,5.810322574850299e-06,3.761004305178187e-08,9.335086327345298e-06,6.213211912758681e-08,7.884469381237524e-06,4.688466431805143e-08,2.0741468063872253e-06,6.010563273581978e-08,1.356976188441769,0.0119274810079113
Standard,1,1,KCl,0.8,2,neg,7.68614441117764e-06,3.315206652235423e-08,1.692943253493016e-05,1.117173476205073e-07,6.353118163672667e-06,3.849309370031404e-08,-1.333026247504972e-06,5.0801356057921893e-08,0.8265676292047796,0.0061474924735813
Standard,1,1,KCl,0.8,3,pos,6.13613768463074e-06,4.189393130548086e-08,8.507378263473057e-06,4.3460866452228586e-08,7.641601397205593e-06,3.661877285824727e-08,1.5054637125748532e-06,5.56420345231216e-08,1.245343861228148,0.0103877709287586
Standard,1,1,KCl,0.8,5,pos,7.373559121756455e-06,3.533415184813619e-08,8.384100499002007e-06,3.97848868988024e-08,8.053527624750479e-06,4.871581399655477e-08,6.799685029940242e-07,6.018083432600507e-08,1.0922171358181296,0.0084287590648898
Standard,1,1,KCl,0.8,6,neg,7.885897265469069e-06,4.0155599807590766e-08,1.6528927345309384e-05,2.265592778738899e-07,6.329037884231535e-06,4.567383014281338e-08,-1.5568593812375337e-06,6.081587749775507e-08,0.8025767609153696,0.0070885237811432
Standard,1,1,KCl,0.8,7,pos,6.096948063872254e-06,4.1632016761669374e-08,8.014005608782434e-06,4.351854649547308e-08,7.520226786427147e-06,4.3640134076928534e-08,1.423278722554893e-06,6.031323338949934e-08,1.233441175428178,0.0110529953463689
Standard,1,1,KCl,0.8,8,neg,7.313050059880244e-06,3.9097707214060624e-08,1.5523261477045904e-05,1.624351035121842e-07,6.077912095808368e-06,3.86473224661011e-08,-1.2351379640718762e-06,5.49749601472817e-08,0.8311049488300505,0.006904441118973
Standard,1,1,KCl,0.8,9,pos,5.870689381237525e-06,3.9410223194196334e-08,7.698493093812372e-06,5.8475990736448326e-08,7.372274191616755e-06,4.040876259420977e-08,1.50158481037923e-06,5.644496245557773e-08,1.25577657288056,0.010883197427337
Standard,1,1,KCl,0.8,10,neg,7.054430099800399e-06,3.411464581950134e-08,1.4867372455089838e-05,1.563476666911294e-07,5.819483532934132e-06,3.7303665676356864e-08,-1.234946566866266e-06,5.0550692698354056e-08,0.8249402787475053,0.0066240142884929
Standard,1,1,KCl,0.8,11,pos,5.628844071856287e-06,3.924977350491125e-08,7.2837355489021875e-06,6.435550887335215e-08,7.199717065868249e-06,4.280543073926081e-08,1.5708729940119615e-06,5.807623972814087e-08,1.2790755924233512,0.011720863317
Standard,1,1,KCl,0.8,12,neg,6.933554870259483e-06,3.6254545136205015e-08,1.45688748502994e-05,1.701113384999001e-07,5.67253005988024e-06,3.917311584488018e-08,-1.2610248103792424e-06,5.3375322463002784e-08,0.8181272328588279,0.0070866252927159
Standard,1,1,KCl,0.8,13,pos,5.51900952095808e-06,4.4030786826606334e-08,7.057213872255488e-06,5.6215302551668834e-08,7.101280159680642e-06,3.812314428237071e-08,1.5822706387225628e-06,5.8241602987422185e-08,1.2866946745994898,0.0123729947823248
Standard,1,1,KCl,0.8,14,neg,6.717121477045909e-06,3.7215459790441614e-08,1.4239654491017952e-05,1.55553291462413e-07,5.493573832335322e-06,4.2706782296069e-08,-1.2235476447105868e-06,5.6646797804446184e-08,0.8178464318545144,0.0078073386262534
Standard,1,1,KCl,0.8,15,pos,5.241307365269466e-06,3.581867751668554e-08,6.701155848303394e-06,4.7059467340046933e-08,6.777583473053894e-06,4.315396489679453e-08,1.5362761077844275e-06,5.608246022918474e-08,1.293109333362945,0.0120781677669515
Standard,1,1,KCl,0.8,16,neg,6.391522435129752e-06,3.506857636771529e-08,1.3821902195608784e-05,1.5463505661773366e-07,5.280400279441111e-06,3.9525392070436816e-08,-1.1111221556886406e-06,5.2839962781781264e-08,0.826156887194579,0.0076674297256736
Standard,1,1,KCl,0.8,17,pos,5.042695129740514e-06,3.873848482108112e-08,6.456027804391218e-06,5.553310921576119e-08,6.570573073852309e-06,4.249509872600059e-08,1.5278779441117957e-06,5.7502205366104624e-08,1.3029883633259456,0.0130846921561212
Standard,1,1,KCl,0.8,18,neg,6.17594540918165e-06,3.7391153607267135e-08,1.3503321157684616e-05,1.5540872186417677e-07,5.111580359281432e-06,4.12092703244144e-08,-1.0643650499002182e-06,5.56444276523077e-08,0.8276595760840358,0.0083445870522926
Standard,1,1,KCl,0.8,19,pos,4.9271978043912124e-06,4.024194355606657e-08,6.290753233532932e-06,5.695084853383102e-08,6.403133453093813e-06,4.276866115103783e-08,1.4759356487026006e-06,5.872454680814439e-08,1.2995486902083002,0.0137112188819631
Standard,1,1,KCl,0.8,20,neg,5.885679680638721e-06,4.0773203174362056e-08,1.3097486626746504e-05,1.4727578986648956e-07,4.891792455089823e-06,4.531943189141358e-08,-9.93887225548897e-07,6.09615042798181e-08,0.8311346727178602,0.0096145934922975
Standard,1,1,KCl,0.8,21,pos,4.759995668662687e-06,4.125599304103585e-08,6.0647548702594825e-06,5.6652230168221296e-08,6.138683473053896e-06,5.053097098526572e-08,1.3786878043912084e-06,6.52337028729457e-08,1.2896405585970938,0.0154153640363609
Standard,1,1,KCl,0.8,22,neg,5.675075848303395e-06,3.698271078664924e-08,1.2725554291417164e-05,1.337151719385162e-07,4.762327704590819e-06,4.2150766438115394e-08,-9.127481437125762e-07,5.60750212523321e-08,0.8391654723019343,0.0092233881342188
Standard,1,1,KCl,0.8,23,pos,4.596862594810382e-06,3.773061585044025e-08,5.910354051896208e-06,5.337865751542749e-08,5.923131217564874e-06,5.4093324755597816e-08,1.3262686227544914e-06,6.595215808120356e-08,1.2885160466296686,0.0158216596589034
Standard,1,1,KCl,0.8,24,neg,5.378718862275456e-06,3.9088089123197055e-08,1.2255050099800389e-05,1.371553340741439e-07,4.484220618762472e-06,3.9271516586660664e-08,-8.944982435129836e-07,5.54087603752273e-08,0.833696784231149,0.0094876511349098
Standard,1,1,KCl,0.8,25,pos,4.360180658682631e-06,3.752145235682213e-08,5.70493814371257e-06,5.1636236721388853e-08,5.628106347305397e-06,4.4009956973747926e-08,1.267925688622766e-06,5.783369000674621e-08,1.2907965948837203,0.0150088956474681
Standard,1,1,KCl,0.8,26,neg,5.0784348902195565e-06,4.5347015216416644e-08,1.175160638722554e-05,1.195571643989675e-07,4.266954630738515e-06,4.048575809483344e-08,-8.114802594810413e-07,6.079019984793019e-08,0.8402105615169246,0.0109472383868629
Standard,1,1,KCl,0.8,27,pos,4.283944131736528e-06,4.3087479279885975e-08,5.58967810379242e-06,6.154407322721832e-08,5.419002315369265e-06,5.156173935999777e-08,1.135058183632737e-06,6.719482001257944e-08,1.2649563460045947,0.0175138826590013
Standard,1,1,KCl,0.8,28,neg,4.876516566866267e-06,3.43811856658554e-08,1.1359030538922171e-05,1.2918455652866953e-07,4.214798463073845e-06,4.2365490883892095e-08,-6.617181037924223e-07,5.4560981897535214e-08,0.8643051664607276,0.0106116934694968
Standard,1,1,KCl,0.8,29,pos,4.033034191616768e-06,3.998914429186009e-08,5.376125089820362e-06,6.224259906721377e-08,5.060469980039918e-06,6.234371103647582e-08,1.02743578842315e-06,7.406665894310885e-08,1.2547550404008032,0.0198430420942692
Standard,1,1,KCl,0.8,30,neg,4.613565808383237e-06,3.914247089792879e-08,1.0875695608782443e-05,1.0614693260136485e-07,4.014307604790427e-06,3.8390255938864163e-08,-5.9925820359281e-07,5.482649705249002e-08,0.8701095359897311,0.0111237863274023
Standard,1,1,KCl,0.8,31,pos,3.805298882235537e-06,3.8781451498726855e-08,5.247636147704596e-06,5.2156106619744376e-08,4.820695668662671e-06,4.7370565132812183e-08,1.0153967864271342e-06,6.122067805366177e-08,1.2668375909097076,0.0179348332781861
Standard,1,1,KCl,0.8,32,neg,4.340479401197603e-06,4.485587677931093e-08,1.0393357884231556e-05,7.975024089439857e-08,3.786976926147712e-06,3.870997595107149e-08,-5.535024750498911e-07,5.9249573161106054e-08,0.8724789536157753,0.0126820335951219
Standard,1,1,KCl,0.8,33,pos,3.6667217564870254e-06,3.4226586170820254e-08,4.997462614770459e-06,5.3015846160834735e-08,4.550867644710573e-06,3.6878183388576943e-08,8.841458882235466e-07,5.031361258099141e-08,1.24112707397537,0.0153417681546777
Standard,1,1,KCl,0.8,34,neg,4.226052854291411e-06,4.054142186994351e-08,1.004965207584832e-05,8.183971077956124e-08,3.744313652694616e-06,3.998518480176296e-08,-4.81739201596795e-07,5.694226805166677e-08,0.8860072937545953,0.0127187209036703
Standard,1,1,KCl,0.8,35,pos,3.5600279441117668e-06,4.389689545702376e-08,4.895575289421155e-06,3.9395129670634e-08,4.3084526746507e-06,3.577175911849925e-08,7.484247305389328e-07,5.662646184600276e-08,1.210230015687606,0.0179903749661376
Standard,1,1,KCl,0.8,36,neg,3.956487604790423e-06,4.29598843603134e-08,9.580643692614769e-06,7.578636825800111e-08,3.4534764870259404e-06,4.1540290249760244e-08,-5.030111177644825e-07,5.97590777897871e-08,0.8728642250375186,0.0141442762491902
Standard,1,1,KCl,0.8,37,pos,3.428397784431131e-06,3.885133629724257e-08,4.82131433133733e-06,3.913162418558677e-08,4.1737767465069804e-06,4.868568623726705e-08,7.453789620758495e-07,6.228741748118197e-08,1.217413208426609,0.0197987232089823
Standard,1,1,KCl,0.8,38,neg,3.781932614770463e-06,4.148255588737632e-08,9.227869980039924e-06,6.616050487564015e-08,3.4011286027944035e-06,5.3303341835610136e-08,-3.808040119760594e-07,6.754293962949203e-08,0.8993096782082217,0.0172031602587077
Standard,1,1,KCl,0.8,39,pos,3.3340292015968017e-06,4.2062396857065513e-08,4.707719600798408e-06,4.98241703577724e-08,4.000577924151697e-06,3.6583777903358094e-08,6.665487225548953e-07,5.574601362468447e-08,1.199922880770108,0.0186968525302635
Standard,1,1,KCl,0.8,40,neg,3.642998423153684e-06,4.770389146504282e-08,8.860534910179649e-06,6.554952803981045e-08,3.2172232135728565e-06,4.1544435986691363e-08,-4.257752095808274e-07,6.325821229185094e-08,0.8831250634436891,0.0162413310462383
Standard,1,1,KCl,0.8,41,pos,3.1946665469061915e-06,4.433481647928968e-08,4.549273532934127e-06,4.688440981492049e-08,3.889077944111787e-06,4.72685610989468e-08,6.944113972055959e-07,6.480658007191216e-08,1.2173658461719843,0.0224575581688509
Standard,1,1,KCl,0.8,42,neg,3.424542834331334e-06,4.0253983807202185e-08,8.491626966067866e-06,5.844078486106127e-08,3.065130718562882e-06,4.101004049598865e-08,-3.594121157684519e-07,5.746482953801503e-08,0.8950481471087718,0.0159404459717879
Standard,1,1,KCl,0.8,43,pos,3.001766367265475e-06,3.734318715879581e-08,4.397181097804385e-06,5.043412899408909e-08,3.6625574051896086e-06,4.013277376476111e-08,6.607910379241338e-07,5.481927724104313e-08,1.220134066771524,0.0202274628521747
Standard,1,1,KCl,0.8,44,neg,3.258720419161678e-06,4.172608316178207e-08,8.177138542914183e-06,7.07711747145167e-08,2.927671317365273e-06,3.535940855078143e-08,-3.3104910179640495e-07,5.4693270052951006e-08,0.8984113212505758,0.0158136577442677
Standard,1,1,KCl,0.8,45,pos,2.871896287425149e-06,3.777389077907147e-08,4.238401776447098e-06,3.8914233435054695e-08,3.4412228942115728e-06,4.274470843749877e-08,5.693266067864239e-07,5.704364052193725e-08,1.198240656976114,0.0216775745886425
Standard,1,1,KCl,0.8,46,neg,3.132848403193619e-06,3.786910768218746e-08,7.804615548902194e-06,8.628909934370666e-08,2.761134630738523e-06,3.693654093324626e-08,-3.717137724550957e-07,5.2899691613075474e-08,0.8813495820365354,0.0158903723757119
Standard,1,1,KCl,0.8,47,pos,2.868541337325347e-06,3.473435526978992e-08,4.197999241516968e-06,4.909679107460647e-08,3.369958143712572e-06,4.153754673481935e-08,5.014168063872242e-07,5.4146497806924544e-08,1.1747985290861276,0.0202987789640776
Standard,1,1,KCl,0.8,48,neg,3.089614710578848e-06,4.2019570166364984e-08,7.56358007984033e-06,8.13479077567064e-08,2.6995787425149644e-06,3.893636216463432e-08,-3.900359680638829e-07,5.728598934802153e-08,0.873759026739354,0.0173214583649258
Standard,1,1,KCl,0.8,49,pos,2.614229021956085e-06,4.3379483593532046e-08,4.013665389221561e-06,4.367435715037147e-08,3.162639600798409e-06,4.574163741975493e-08,5.48410578842324e-07,6.304028069958e-08,1.2097790875383896,0.0266296966591894
Standard,1,1,KCl,0.8,50,neg,2.853098922155688e-06,4.1629977170735126e-08,7.220727844311362e-06,5.5350334872914016e-08,2.559169201596804e-06,4.131270519539094e-08,-2.939297205588835e-07,5.86497622313783e-08,0.8969787839193455,0.0195182747373127
Standard,1,1,KCl,0.8,51,pos,2.579774670658675e-06,4.093151476480334e-08,3.917702375249509e-06,4.5685491326535055e-08,2.977995828343317e-06,4.957306111551389e-08,3.982211576846426e-07,6.428745825823097e-08,1.1543627674982049,0.0265464346538529
Standard,1,1,KCl,0.8,52,neg,2.782264291417168e-06,3.8876341583884966e-08,6.874973612774458e-06,8.519621596480535e-08,2.4834079441117764e-06,3.819864687609852e-08,-2.988563473053909e-07,5.4502353693320215e-08,0.892585205428789,0.0185484750934421
Standard,1,1,KCl,0.8,53,pos,2.371098383233536e-06,4.1255479151027243e-08,3.739959321357293e-06,4.4675495734669934e-08,2.824546387225552e-06,4.2516027781552576e-08,4.534480039920157e-07,5.9242106464090175e-08,1.191239641171547,0.0274065106853265
Standard,1,1,KCl,0.8,54,neg,2.617322135728543e-06,4.017147140981448e-08,5.524363592814381e-06,3.2443580294268645e-07,2.0532075049900174e-06,3.682717455307263e-08,-5.641146307385256e-07,5.449759536706204e-08,0.7844687808818375,0.018518871842066
Standard,1,1,KCl,0.8,55,pos,2.081165429141715e-06,4.1808034678342296e-08,3.125305648702599e-06,4.239142598956008e-08,2.4408159281437133e-06,4.534881112649838e-08,3.596504990019984e-07,6.168003270307414e-08,1.1728120667227884,0.0320920287359173
Standard,1,1,KCl,0.8,56,neg,2.2040390618762443e-06,4.362359129322303e-08,-7.987728942115756e-08,4.7680950723294363e-08,-1.396960684630736e-07,3.815942728936905e-08,-2.343735130339318e-06,5.795825746492735e-08,-0.0633818478444541,0.017358797098864
Standard,1,1,KCl,0.8,57,pos,-1.5268777025948074e-07,3.5127885704531315e-08,-1.446928728542911e-07,3.420089664367792e-08,-1.7569693473053877e-07,3.746583687837112e-08,-2.300916447105805e-08,5.135812776053396e-08,1.1506942201851256,0.3609606175577246
Standard,1,1,KCl,0.8,58,neg,-1.4873792734530925e-07,4.161419777190404e-08,-5.7843835528942114e-08,4.064688543285029e-08,-1.368169570858279e-07,3.712371599523322e-08,1.192097025948136e-08,5.576658269513993e-08,0.9198525186396764,0.3585096042736683
Standard,1,1,KCl,0.8,59,pos,-1.504987051896205e-07,3.862633759249633e-08,-1.0619371536926129e-07,3.7552882830354095e-08,-1.1882847305389213e-07,3.921058777289488e-08,3.1670232135728354e-08,5.5040568213867386e-08,0.7895647534254496,0.3300687665905837
Standard,1,1,KCl,0.8,60,neg,-1.7481653353293372e-07,3.634496723302903e-08,-1.2891724091816358e-07,3.714951841927732e-08,-1.840249592814369e-07,3.4686855599959175e-08,-9.208425748503182e-09,5.0240766261895055e-08,1.0526747989014915,0.2954104886320261
Standard,1,1,KCl,0.8,61,pos,-1.2998797984031946e-07,3.4597042663644764e-08,-1.3636484191616745e-07,3.48670946089719e-08,-1.494041734530934e-07,4.239140930241729e-08,-1.9416193612773947e-08,5.47173367746926e-08,1.1493691465674387,0.4471403947359841
Standard,1,1,KCl,0.8,62,neg,-1.3415198802395198e-07,3.65209716946722e-08,-8.261363972055874e-08,3.9868471937832727e-08,-1.1999438043912153e-07,3.698496967301089e-08,1.4157607584830422e-08,5.197758512317193e-08,0.8944659129292764,0.3678348366332618
Standard,1,1,KCl,0.8,63,pos,-2.718970758483038e-07,3.807824451051067e-08,-2.582154331337328e-07,3.9867525990485336e-08,-2.04131164071856e-07,4.104799833581156e-08,6.776591177644782e-08,5.5990096199051364e-08,0.7507663090343214,0.1839741594127314
Standard,1,1,KCl,0.8,64,neg,-1.9882500059880214e-07,4.495084589447253e-08,-1.104528914171655e-07,4.030504417791082e-08,-1.6437081177644677e-07,4.3250508512022784e-08,3.4454188822355376e-08,6.237936384075405e-08,0.8267109834347314,0.2867977652621396
Standard,1,1,KCl,0.8,65,pos,-1.310111540918163e-07,3.934616758339507e-08,-1.3036871277445086e-07,4.094964211554961e-08,-1.4228966167664637e-07,3.975226038143557e-08,-1.1278507584830076e-08,5.5931771909479694e-08,1.086088147707834,0.4454907295530017
Standard,1,1,KCl,0.8,66,neg,-1.9428031037924124e-07,4.15789879744302e-08,-1.5199775249500977e-07,4.04182787300016e-08,-1.7469755269461038e-07,3.7193674091196944e-08,1.9582757684630893e-08,5.578693066821284e-08,0.8992035906963257,0.2714498905706497
Standard,1,1,KCl,0.8,67,pos,-1.24753262275449e-07,4.3240772681907577e-08,-1.3496100199600793e-07,3.866236058631176e-08,-1.4431216946107757e-07,3.654662187130364e-08,-1.9558907185628544e-08,5.6616428643393375e-08,1.1567807272441777,0.4965713190730943
Standard,1,1,KCl,0.8,68,neg,-1.8459603712574826e-07,3.6963270497800136e-08,-1.5413924790419136e-07,4.331284301437789e-08,-1.955652161676645e-07,3.830599739785815e-08,-1.0969179041916178e-08,5.3231877691269326e-08,1.0594226139017486,0.2967553615545839
Standard,1,1,KCl,0.8,69,pos,-2.460090339321359e-07,3.599189696468982e-08,-2.810578662674656e-07,3.974611540651571e-08,-2.430110019960079e-07,3.5381727699110403e-08,2.9980319361280203e-09,5.0470618205950734e-08,0.9878133258433304,0.203889945104594
Standard,1,1,KCl,0.8,70,neg,-2.077479179640715e-07,3.718338386532988e-08,-1.535919640718561e-07,4.177200238955309e-08,-1.7055734011976013e-07,3.9546977668632594e-08,3.71905778443113e-08,5.428229433618113e-08,0.8209821874087655,0.2404766863834285
Standard,1,1,KCl,0.8,71,pos,-1.713901483033929e-07,4.1363205491766e-08,-1.5908846746506945e-07,4.5659822715637454e-08,-1.836204489021951e-07,3.725968838532746e-08,-1.2230300598802214e-08,5.5670451292636096e-08,1.0713594142946437,0.3378096532744502
Standard,1,1,KCl,0.8,72,neg,-1.487617696606786e-07,5.48701328450759e-08,-1.2201690878243497e-07,3.892950581978663e-08,-1.3462789401197574e-07,4.0502707253917255e-08,1.4133875648702864e-08,6.819971241385699e-08,0.9049898661400584,0.4307575124614314
Standard,1,1,KCl,0.8,73,pos,-1.4702472534930118e-07,3.846367903769757e-08,-1.6191999820359252e-07,4.078930257436304e-08,-1.677496271457085e-07,4.272772532030155e-08,-2.072490179640725e-08,5.7490113203594884e-08,1.140962016743572,0.4165989060208548
Standard,1,1,KCl,0.8,74,neg,-1.928764339321354e-07,4.379336557319491e-08,-1.549720345309378e-07,3.60163477000979e-08,-2.201923233532933e-07,3.760983165911858e-08,-2.7315889421157883e-08,5.7726582313997526e-08,1.1416237788322503,0.3243651970577983
Standard,1,1,KCl,0.8,75,pos,-1.3653141536926122e-07,3.4435454751556634e-08,-1.4576361576846274e-07,3.523471613955769e-08,-1.2358733433133713e-07,4.0518650687069175e-08,1.2944081037924093e-08,5.317482108523954e-08,0.9051933871562404,0.3744280659260038
Standard,1,1,KCl,0.8,76,neg,-1.6729751756487014e-07,4.1393140877850895e-08,-1.1913780858283409e-07,4.1140120208968026e-08,-1.6306212554890177e-07,3.949878850861508e-08,4.235392015968348e-09,5.72149141866167e-08,0.9746834736246096,0.3374909929395037
Standard,1,1,KCl,0.8,77,pos,-1.9620764291417146e-07,4.371728473593546e-08,-1.9863468223552849e-07,4.1556086868332735e-08,-2.162662544910177e-07,3.902693150466231e-08,-2.0058611576846225e-08,5.860292115033567e-08,1.1022315506110054,0.3160347974071261
Standard,1,1,KCl,0.8,78,neg,-3.4715830339321376e-08,3.703604871424157e-08,-1.991580159680636e-08,3.4733330266122694e-08,-1.0164902035928137e-07,3.90412652665959e-08,-6.693319001995997e-08,5.3813467626425843e-08,2.928030796490763,3.31999547679021
Standard,1,1,KCl,0.8,79,pos,-1.183288161676645e-07,4.411797738339374e-08,-1.2239762315369245e-07,4.1227017301056055e-08,-1.2458668682634716e-07,3.936456670479813e-08,-6.257870658682658e-09,5.912668636291183e-08,1.0528854328248805,0.5145614227601988
Standard,1,1,KCl,0.8,80,neg,-1.451449824351296e-07,4.0279938603452286e-08,-8.92046361277443e-08,3.785937642892541e-08,-1.6322867784431093e-07,3.591624501539951e-08,-1.808369540918133e-08,5.396712063751498e-08,1.1245905652802264,0.3982871886208974
Standard,1,1,KCl,0.8,81,pos,-1.6489429441117724e-07,3.7135015855088174e-08,-1.4312246307385186e-07,3.987015215945399e-08,-1.568993842315366e-07,3.874557892598091e-08,7.994910179640605e-09,5.366776769036576e-08,0.9515149374440776,0.318010051033212
Standard,1,1,KCl,0.8,82,neg,-1.1109532614770425e-07,3.7963607446597286e-08,-5.79390129740518e-08,3.628432093698893e-08,-1.749593083832331e-07,3.302616095618456e-08,-6.386398223552886e-08,5.0318612837230974e-08,1.574857507062178,0.6148107465599091
Standard,1,1,KCl,0.8,83,pos,-1.0374289740518953e-07,3.2658451922145554e-08,-1.1264195249500989e-07,3.336134180793958e-08,-1.5252121516966057e-07,3.43680823160852e-08,-4.877831776447103e-08,4.74103318279497e-08,1.4701846486314831,0.5691631422530561
Standard,1,1,KCl,0.8,84,neg,-1.7119979500997984e-07,3.538588721915154e-08,-1.3048766087824337e-07,3.4916550391040995e-08,-1.2396805009980034e-07,4.313390150101469e-08,4.72317449101795e-08,5.5791526892403204e-08,0.724113309204452,0.2930530703872426
Standard,1,1,KCl,0.8,85,pos,-1.482382227544908e-07,3.761115039075673e-08,-1.220882836327343e-07,3.6911717289874374e-08,-1.0912040339321349e-07,3.5576174594847723e-08,3.911781936127731e-08,5.177125488646388e-08,0.7361151622408245,0.3041036095763997
Standard,1,1,KCl,0.8,86,neg,-2.437485768463073e-07,3.5538803245925155e-08,-1.734126712574848e-07,3.3625431112337176e-08,-2.408932854291417e-07,3.770623854420335e-08,2.8552914171656107e-09,5.181473691243589e-08,0.9882859155359665,0.2114067383144714
Standard,1,1,KCl,0.8,87,pos,-1.7614903053892164e-07,3.4090523640018255e-08,-2.194309341317363e-07,3.347609288142289e-08,-1.594453736526944e-07,3.630501178611e-08,1.6703656886227264e-08,4.9801783932307386e-08,0.9051731546002664,0.2704939026302081
Standard,1,1,KCl,0.8,88,neg,-1.798133662674648e-07,3.5405442904093785e-08,-1.6634574431137698e-07,3.5921325766780224e-08,-1.8773688343313338e-07,3.652691412090959e-08,-7.923517165668587e-09,5.087003875004765e-08,1.0440652290213104,0.2890106346485535
Standard,1,1,KCl,0.8,89,pos,-2.920269520958087e-07,3.4141507526026155e-08,-2.802488463073861e-07,3.748249031863189e-08,-2.949060838323359e-07,3.563835708083305e-08,-2.8791317365271307e-09,4.935316637836589e-08,1.00985913017913,0.1698015151821777
Standard,1,1,KCl,0.8,90,neg,-2.135775029940117e-07,3.87181896943864e-08,-2.0508293912175614e-07,4.084289593518833e-08,-2.435582215568864e-07,3.923718302147621e-08,-2.998071856287464e-08,5.51239942735585e-08,1.140373953916463,0.2765660689283828
Standard,1,1,KCl,0.8,91,pos,-1.5532895908183594e-07,4.084753253479655e-08,-1.4433596806387197e-07,3.965285174571449e-08,-1.520929189620758e-07,3.678842592990651e-08,3.236040119760164e-09,5.497189460607556e-08,0.9791665370135184,0.3498545064051745
Standard,1,1,KCl,0.8,92,neg,-1.9599348902195578e-07,4.143114208839313e-08,-1.6498948063872244e-07,4.2846663559122506e-08,-1.8274006447105765e-07,3.74199481331946e-08,1.3253424550898207e-08,5.58282370583166e-08,0.9323782406393432,0.2744064537164059
Standard,1,1,KCl,0.8,93,pos,-1.8040819720558849e-07,4.060848918611168e-08,-1.7395994570858246e-07,4.106405134231652e-08,-1.4895207844311368e-07,4.3459171863178603e-08,3.1456118762474785e-08,5.9478979589531e-08,0.8256391935083293,0.3042500060774318
Standard,1,1,KCl,0.8,94,neg,-1.3950570918163656e-07,3.6869057853944073e-08,-1.833111359281435e-07,3.643883646848391e-08,-2.1495759241516945e-07,3.591145468266334e-08,-7.545188323353289e-08,5.14680483840456e-08,1.5408515800259792,0.4817615041619472
Standard,1,1,KCl,0.8,95,pos,-2.638070499002e-07,3.863750527950143e-08,-2.0603473612774445e-07,3.5402435400114314e-08,-2.4246368662674614e-07,4.133067017907651e-08,2.1343363273453812e-08,5.65780974554209e-08,0.9190947956791596,0.206557103247381
Standard,1,1,KCl,0.8,96,neg,-1.3046389760479012e-07,4.4681886316624905e-08,-9.512939001995996e-08,3.7906997834054046e-08,-1.213268612774451e-07,3.6646700593298405e-08,9.137036327345024e-09,5.7787988623819136e-08,0.9299650210127592,0.4246688820878803
Standard,1,1,KCl,0.8,97,pos,-1.1209470958083825e-07,4.282436398734799e-08,-1.5437718243512938e-07,3.918990597778421e-08,-2.0315557724550898e-07,4.6482882996259945e-08,-9.106086766467074e-08,6.32027259108724e-08,1.8123565153536645,0.8070665157309421
Standard,1,1,KCl,0.8,98,neg,-1.1894744271457081e-07,3.6050743188320184e-08,-1.3234362415169616e-07,3.833954862592306e-08,-9.598599740518968e-08,4.35093980270016e-08,2.2961445309381132e-08,5.6504192774538987e-08,0.8069614210666136,0.440019119494894
Standard,1,1,KCl,0.8,99,pos,-1.372928369261475e-07,3.6067948255282494e-08,-1.1854295009980037e-07,3.970380465307103e-08,-1.5766079321357257e-07,3.760502092051162e-08,-2.0367956287425083e-08,5.21059928393832e-08,1.1483541074934696,0.4074742700084509
Standard,1,1,KCl,0.8,100,neg,-1.4159960698602774e-07,3.5281104589718456e-08,-1.5823186766467017e-07,3.6655928559809175e-08,-1.7084287984031929e-07,4.0154385809709655e-08,-2.9243272854291523e-08,5.3452137850844326e-08,1.2065208617222862,0.41326391666614
Standard,1,2,MgCl2,0.8,1,pos,7.311098942115765e-06,4.334045752271935e-08,7.621875229540921e-06,3.739803113797843e-08,8.619211876247507e-06,4.3557843129253567e-08,1.3081129341317424e-06,6.14465699315373e-08,1.1789215198000298,0.009183506694225
Standard,1,2,MgCl2,0.8,2,neg,8.102281576846295e-06,4.063890937154423e-08,1.574076427145708e-05,2.722413500203783e-07,6.2959638722554895e-06,4.375288966657694e-08,-1.8063177045908053e-06,5.971462391311062e-08,0.7770606109576988,0.0066596928310339
Standard,1,2,MgCl2,0.8,3,pos,5.95582439121757e-06,3.767216302097138e-08,7.029851117764464e-06,4.0107298671789294e-08,7.614094690618765e-06,4.0607904567387976e-08,1.6582702994011944e-06,5.5391278916745855e-08,1.27842834013818,0.0105772135207799
Standard,1,2,MgCl2,0.8,4,neg,7.150559201596795e-06,3.737149175723758e-08,1.4507913972055902e-05,1.585598183790305e-07,5.900336526946102e-06,3.3988951179960926e-08,-1.2502226746506937e-06,5.0516108306905867e-08,0.8251573563125657,0.0064181363228006
Standard,1,2,MgCl2,0.8,5,pos,5.722950898203593e-06,4.0141162332344336e-08,6.621493293413183e-06,4.621313453696624e-08,7.211589960079832e-06,3.4014059199078344e-08,1.4886390618762384e-06,5.261434344919669e-08,1.2601173919460875,0.0106510329433014
Standard,1,2,MgCl2,0.8,6,neg,6.778892355289427e-06,3.821855800055148e-08,1.3870802594810385e-05,9.3064866481683e-08,5.727020079840309e-06,3.613405167419795e-08,-1.0518722754491176e-06,5.259589210228423e-08,0.8448312467112177,0.0071483987259604
Standard,1,2,MgCl2,0.8,7,pos,5.579946327345315e-06,4.3399498348306026e-08,6.436992195608776e-06,4.221591505072055e-08,6.9404315568862304e-06,4.374723641067224e-08,1.3604852295409157e-06,6.162253768270065e-08,1.243816902480525,0.0124521219565994
Standard,1,2,MgCl2,0.8,8,neg,6.42940153692615e-06,3.477859849150229e-08,1.3302158283433133e-05,9.449143070272293e-08,5.547562235528935e-06,4.569856036892628e-08,-8.818393013972152e-07,5.7427426660312097e-08,0.862842708402559,0.0085032055950304
Standard,1,2,MgCl2,0.8,9,pos,5.314545429141718e-06,4.0430629800504816e-08,6.176968842315371e-06,4.1699220648077824e-08,6.565362215568876e-06,4.517937143521855e-08,1.2508167864271584e-06,6.062847045198246e-08,1.2353572479724124,0.01267246483796
Standard,1,2,MgCl2,0.8,10,neg,6.073486746506985e-06,4.3576350797119385e-08,1.2719940918163682e-05,8.969537280348004e-08,5.304241996007984e-06,4.2898620458098464e-08,-7.692447504990016e-07,6.114891647446904e-08,0.8733438002575022,0.0094421282696056
Standard,1,2,MgCl2,0.8,11,pos,5.143345429141713e-06,3.8169656913122335e-08,5.897838203592811e-06,4.489769406068045e-08,6.236336267465067e-06,4.162788931281918e-08,1.0929908383233544e-06,5.647834874981558e-08,1.21250582007006,0.0121026166012034
Standard,1,2,MgCl2,0.8,12,neg,5.686307105788419e-06,4.0352611833768434e-08,1.2216122355289406e-05,7.244927618162596e-08,5.0994691616766416e-06,4.005015259016882e-08,-5.868379441117775e-07,5.6853742218983214e-08,0.8967980565955712,0.0094925827231951
Standard,1,2,MgCl2,0.8,13,pos,4.988944610778441e-06,4.102998828781464e-08,5.7382745508981946e-06,4.2741264970142096e-08,5.930293512974053e-06,5.507597592448389e-08,9.413489021956124e-07,6.867913120397297e-08,1.1886869820446315,0.0147459355945712
Standard,1,2,MgCl2,0.8,14,neg,5.460190179640719e-06,4.4745840747131576e-08,1.1772476846307378e-05,6.468755539386483e-08,4.938548143712578e-06,4.107527436241064e-08,-5.216420359281409e-07,6.074017145279529e-08,0.9044644932198196,0.0105607170758024
Standard,1,2,MgCl2,0.8,15,pos,4.79830491017964e-06,4.1162436169910007e-08,5.620111596806394e-06,4.232850330268145e-08,5.70408169660678e-06,4.481211923705212e-08,9.057767864271394e-07,6.084794312018849e-08,1.1887701601675056,0.0138281301344844
Standard,1,2,MgCl2,0.8,16,neg,5.191577085828346e-06,4.539177504670438e-08,1.132566946107786e-05,6.066238839271791e-08,4.756164870259482e-06,3.6895538633188905e-08,-4.35412215568864e-07,5.8495247780685146e-08,0.9161310314051916,0.0107082995728813
Standard,1,2,MgCl2,0.8,17,pos,4.4718954690618816e-06,3.7174630107501353e-08,5.264458443113778e-06,4.106896700394667e-08,5.2938441916167644e-06,4.9222768889968024e-08,8.219487225548829e-07,6.168333730291149e-08,1.1838032056521464,0.0147648318750065
Standard,1,2,MgCl2,0.8,18,neg,4.962057285429143e-06,3.740752971015819e-08,1.0992429740518974e-05,7.322554345126119e-08,4.642689301397212e-06,3.804287797355739e-08,-3.193679840319304e-07,5.3353386429797936e-08,0.9356379893134767,0.0104178258253169
Standard,1,2,MgCl2,0.8,19,pos,4.458689580838325e-06,3.745811107923029e-08,5.240807784431144e-06,3.618297053700041e-08,5.172207824351304e-06,3.7819529059165763e-08,7.135182435129795e-07,5.3229943301501264e-08,1.1600286879309556,0.0129199081627063
Standard,1,2,MgCl2,0.8,20,neg,4.75083508982036e-06,4.01530969545553e-08,1.0590132135728512e-05,4.916413515185164e-08,4.472775489021955e-06,3.9209133930888776e-08,-2.780596007984047e-07,5.612154112862808e-08,0.9414714264879022,0.0114642737455889
Standard,1,2,MgCl2,0.8,21,pos,4.227861357285429e-06,3.3937012999881014e-08,5.0357707984031964e-06,3.6761461866488294e-08,4.915371856287427e-06,3.6075669484394944e-08,6.87510499001998e-07,4.952953442241706e-08,1.1626142488843167,0.0126452019634927
Standard,1,2,MgCl2,0.8,22,neg,4.470205608782438e-06,4.554302237970863e-08,1.0128625668662684e-05,8.303981812481292e-08,4.239591477045908e-06,3.948949505139277e-08,-2.306141317365304e-07,6.027924275314526e-08,0.948410844618992,0.0130920912544247
Standard,1,2,MgCl2,0.8,23,pos,4.052546067864269e-06,3.4849234107902354e-08,4.922200758483027e-06,3.522458218096488e-08,4.656561497005998e-06,4.211967298014661e-08,6.040154291417285e-07,5.4667503782977656e-08,1.1490459131190212,0.0143407605055392
Standard,1,2,MgCl2,0.8,24,neg,4.257389121756482e-06,3.7099440082394046e-08,9.699614890219572e-06,5.609179498498789e-08,4.024348902195612e-06,3.8079003287801854e-08,-2.3304021956086925e-07,5.3163699512163096e-08,0.9452621752684136,0.0121593341237196
Standard,1,2,MgCl2,0.8,25,pos,3.881320419161683e-06,3.749788663943546e-08,4.7462668463073866e-06,3.5347760732956445e-08,4.429969401197613e-06,3.792720895136789e-08,5.486489820359296e-07,5.333446054161113e-08,1.1413562712646206,0.0147335144836719
Standard,1,2,MgCl2,0.8,26,neg,4.107200518962076e-06,3.710575885398554e-08,9.356834610778436e-06,5.685624610980055e-08,3.865521217564883e-06,3.684672033050671e-08,-2.416793013971932e-07,5.229262031343144e-08,0.941157170125634,0.012360398873036
Standard,1,2,MgCl2,0.8,27,pos,3.739078782435133e-06,3.770036277696228e-08,4.641713892215583e-06,3.7686789863563e-08,4.250964950099796e-06,4.2870236951147175e-08,5.118861676646634e-07,5.7089180846830043e-08,1.1369016801863934,0.0162129688077668
Standard,1,2,MgCl2,0.8,28,neg,3.93250255489022e-06,4.393728055148023e-08,8.780847425149686e-06,6.970045134973599e-08,3.761302395209591e-06,3.7912093044983646e-08,-1.712001596806295e-07,5.803284777874493e-08,0.9564653405074752,0.014392475627835
Standard,1,2,MgCl2,0.8,29,pos,3.6643179640718578e-06,4.2645726804062174e-08,4.468682874251496e-06,4.362518081248666e-08,4.064966267465071e-06,4.309041038839516e-08,4.006483033932136e-07,6.0625419438442e-08,1.1093377559811992,0.0174633431333736
Standard,1,2,MgCl2,0.8,30,neg,3.740839740518965e-06,4.2917730780325993e-08,7.680814371257488e-06,2.087366260018925e-07,-1.1942334211576833e-07,4.3339902093577895e-08,-3.860263082634733e-06,6.099408765457075e-08,-0.0319242069694225,0.0115913956676544
Standard,1,2,MgCl2,0.8,31,pos,-2.3653894211576855e-07,4.343707308475835e-08,-2.553601497005987e-07,4.631735538339319e-08,-1.74078908383233e-07,4.182869698829695e-08,6.246003373253559e-08,6.030272970529113e-08,0.73594185729483,0.2225655100549977
Standard,1,2,MgCl2,0.8,32,neg,-8.530237604790403e-08,3.9139291479940046e-08,1.1421237804391217e-07,3.732592110741802e-08,-1.652511994011974e-07,3.981494504506088e-08,-7.994882335329334e-08,5.5831120233190074e-08,1.9372402863478944,1.0039598909870135
Standard,1,2,MgCl2,0.8,33,pos,-1.2411079241516958e-07,3.797261736938421e-08,-1.2361111017964066e-07,3.7114878128648594e-08,-8.278018582834315e-08,4.006005820272776e-08,4.1330606586826426e-08,5.519717323457421e-08,0.6669862001318208,0.3818756811124707
Standard,1,2,MgCl2,0.8,34,neg,-1.1009598662674634e-07,4.13372867214698e-08,1.4181380638722552e-08,3.909986231663384e-08,-5.025347305389216e-08,3.7616935672188586e-08,5.984251357285417e-08,5.5891011109646053e-08,0.4564514528968648,0.3822471599378832
Standard,1,2,MgCl2,0.8,35,pos,-1.5925502115768426e-07,3.87727933379166e-08,-1.707714908183632e-07,3.7750079477787065e-08,-1.444311522954089e-07,4.026140050482926e-08,1.4823868862275332e-08,5.589552642059162e-08,0.9069174161384984,0.3356584073993214
Standard,1,2,MgCl2,0.8,36,neg,-1.1671078942115745e-07,3.9107177957625534e-08,-4.735057724550893e-08,3.5649755393869946e-08,-1.1966127065868244e-07,3.814058164466295e-08,-2.950481237525e-09,5.462669069239498e-08,1.0252802783029598,0.4741529260362137
Standard,1,2,MgCl2,0.8,37,pos,-4.882581736526949e-08,3.637501371166096e-08,-5.6987240918163674e-08,3.926253114936807e-08,-5.984254810379235e-08,3.8869488346900887e-08,-1.1016730738522855e-08,5.323512700157093e-08,1.2256333090361988,1.2113986210789067
Standard,1,2,MgCl2,0.8,38,neg,-1.3712630698602746e-07,4.3726477894821183e-08,-5.1752508782435146e-08,3.9725936617788166e-08,-1.225165958083831e-07,4.1276180588111145e-08,1.4609711177644362e-08,6.01309234340256e-08,0.8934579986965373,0.4144588448192354
Standard,1,2,MgCl2,0.8,39,pos,-1.497134774451094e-07,3.672555492346535e-08,-1.8109824251496962e-07,3.8868992129431504e-08,-2.5238588223552904e-07,4.102322357977374e-08,-1.0267240479041969e-07,5.506061439279963e-08,1.6857926657141693,0.4960776396719647
Standard,1,2,MgCl2,0.8,40,neg,-1.441218341317361e-07,4.293848973251498e-08,-9.032295289421144e-08,3.868805055338378e-08,-1.1889985389221549e-07,4.094511014590785e-08,2.52219802395206e-08,5.9331407748087526e-08,0.8249954256308855,0.3756688933497704
Standard,1,2,MgCl2,0.8,41,pos,-1.1851914411177629e-07,3.8054939200549366e-08,-1.1825744750499005e-07,4.8448912083553134e-08,-1.4888070179640692e-07,4.411461439113637e-08,-3.0361557684630644e-08,5.8260429113045204e-08,1.2561742907626503,0.5488424915507193
Standard,1,2,MgCl2,0.8,42,neg,-1.8362043592814346e-07,3.964704129124535e-08,-1.876892930139719e-07,4.14510323057688e-08,-1.935188910179639e-07,4.063518881942372e-08,-9.898455089820442e-09,5.677240926312649e-08,1.053907153851296,0.3174213345825651
Standard,1,2,MgCl2,0.8,43,pos,-1.9187708642714563e-07,3.708704227618661e-08,-1.5609036826347288e-07,3.8578999614788015e-08,-1.4835721437125729e-07,4.1328929590951554e-08,4.351987205588826e-08,5.552953381696521e-08,0.7731888008815869,0.2621605818300701
Standard,1,2,MgCl2,0.8,44,neg,-1.85143300598802e-07,3.847641462033044e-08,-1.674164864271455e-07,4.2998299399739655e-08,-2.202637165668661e-07,3.729930157635009e-08,-3.5120415968064065e-08,5.358798727437978e-08,1.1896931504109272,0.3189283089224767
Standard,1,2,MgCl2,0.8,45,pos,-2.398225568862275e-07,3.8753164544269976e-08,-2.0589193952095802e-07,4.113359465215802e-08,-1.393867305389219e-07,3.5884515777353986e-08,1.0043582634730561e-07,5.28157763814036e-08,0.5812077577216699,0.1766622466179537
Standard,1,2,MgCl2,0.8,46,neg,-1.1104774151696585e-07,3.54120437529532e-08,-1.0226765928143697e-07,3.798316130468741e-08,-1.156876161676646e-07,3.5259672413556525e-08,-4.639874650698757e-09,4.9972565888419126e-08,1.0417827016318912,0.4595477690641743
Standard,1,2,MgCl2,0.8,47,pos,-1.6936763113772448e-07,4.3762835501659455e-08,-1.413140698602792e-07,3.4196188093839185e-08,-1.1361753453093805e-07,4.161333049064287e-08,5.57500966067864e-08,6.038919643171924e-08,0.6708338173458176,0.3006878233772945
Standard,1,2,MgCl2,0.8,48,neg,-1.4792889461077816e-07,3.3058362084040856e-08,-1.256812091816366e-07,3.4526816142379465e-08,-1.6168203692614744e-07,3.2276039023573125e-08,-1.3753142315369255e-08,4.6201709911330823e-08,1.0929713045686964,0.3275117653473735
Standard,1,2,MgCl2,0.8,49,pos,-2.42130586826347e-07,3.4915844850138524e-08,-2.0474983033932105e-07,3.4552425678744425e-08,-2.438675489021956e-07,3.768327852196653e-08,-1.7369620758485763e-09,5.137261626356057e-08,1.0071736582255686,0.2128734806289447
Standard,1,2,MgCl2,0.8,50,neg,-1.8616644391217533e-07,3.944532725034673e-08,-1.7412650499001958e-07,3.700322926214568e-08,-1.6805892994011953e-07,4.228233718777738e-08,1.8107513972055804e-08,5.782499355769828e-08,0.9027348130439764,0.2969334824970623
Standard,1,2,MgCl2,0.8,51,pos,-1.650846359281436e-07,3.7358424554161153e-08,-1.542344227544907e-07,4.447361415900988e-08,-1.00602071257485e-07,4.103773490219528e-08,6.44825646706586e-08,5.549547342866629e-08,0.6093969356498691,0.2842762628264623
Standard,1,2,MgCl2,0.8,52,neg,-2.0113305229540894e-07,4.25089108426256e-08,-1.931619409181635e-07,4.456340903267409e-08,-2.192405636726545e-07,3.572827352175244e-08,-1.810751137724557e-08,5.552942490132099e-08,1.090027527403356,0.2909063608434397
Standard,1,2,MgCl2,0.8,53,pos,-1.769104377245507e-07,3.9433845378519146e-08,-1.915201814371255e-07,3.8380441122859464e-08,-1.4300349999999988e-07,4.44701032906141e-08,3.3906937724550795e-08,5.9435833030376924e-08,0.8083383990189213,0.3092772425136448
Standard,1,2,MgCl2,0.8,54,neg,-1.8680886467065842e-07,4.454248706272492e-08,-1.3938675948103758e-07,4.042123002941279e-08,-1.7165188223552845e-07,3.9724445960307926e-08,1.5156982435129982e-08,5.96830357856103e-08,0.9188636874280482,0.3053205274773786
Standard,1,2,MgCl2,0.8,55,pos,-1.407430305389221e-07,3.84669161299474e-08,-1.3441373512974045e-07,4.0720082021034326e-08,-1.4833341676646665e-07,3.942084461149104e-08,-7.590386227544576e-09,5.507909427751811e-08,1.0539308141829835,0.4017779471766853
Standard,1,2,MgCl2,0.8,56,neg,-1.659174447105785e-07,4.467942883024496e-08,-1.3705489820359258e-07,3.972825863894078e-08,-1.53639549301397e-07,3.859060824612256e-08,1.2277895409181517e-08,5.9038008142235193e-08,0.9259999728744696,0.340995718568748
Standard,1,2,MgCl2,0.8,57,pos,-1.5528136307385205e-07,3.694603676485439e-08,-1.34675476047904e-07,4.151054208915007e-08,-1.8366803113772441e-07,3.963408285247577e-08,-2.8386668063872387e-08,5.418367056768012e-08,1.182807952621923,0.3799312329003225
Standard,1,2,MgCl2,0.8,58,neg,-5.2894629740518894e-08,3.818144273465016e-08,-2.598332874251497e-08,4.307341282777637e-08,-7.761683912175636e-08,4.0772957863199286e-08,-2.472220938123748e-08,5.5859257623187176e-08,1.4673859993446463,1.3100099358757051
Standard,1,2,MgCl2,0.8,59,pos,-2.1053179341317334e-07,4.3892082782681273e-08,-2.472463133732536e-07,4.089495977006948e-08,-2.2752092415169654e-07,4.066868379638367e-08,-1.69891307385232e-08,5.983691814199646e-08,1.080696271394894,0.2967789973764941
Standard,1,2,MgCl2,0.8,60,neg,-1.4826203692614752e-07,4.085003021515519e-08,-9.351138582834318e-08,3.5960279470443785e-08,-1.050040099800398e-07,3.788378509735613e-08,4.325802694610772e-08,5.5712710774847024e-08,0.708232614073315,0.3215093221719416
Standard,1,2,MgCl2,0.8,61,pos,-8.5683088023952e-08,3.757777231610858e-08,-1.011255487025946e-07,3.8031663828139634e-08,-6.895573912175641e-08,3.667579823584791e-08,1.672734890219559e-08,5.250907681989773e-08,0.8047765400621463,0.5547890709501624
Standard,1,2,MgCl2,0.8,62,neg,-1.7933745988023908e-07,3.912199389134106e-08,-1.1621110379241507e-07,3.777377237006494e-08,-1.601354067864268e-07,3.695506957526924e-08,1.920205309381223e-08,5.3816424754410424e-08,0.8929278182782598,0.2835588653380789
Standard,1,2,MgCl2,0.8,63,pos,-1.406954293413171e-07,3.7407650155683307e-08,-1.57660801596806e-07,4.0774306909960815e-08,-1.7010526566866232e-07,4.2229956842865314e-08,-2.9409836327345214e-08,5.6415437117160244e-08,1.2090319242425356,0.4397992187576005
Standard,1,2,MgCl2,0.8,64,neg,-1.3636488103792408e-07,4.1485578573532013e-08,-7.518983113772452e-08,3.848316874275809e-08,-8.299433952095793e-08,3.917712161100604e-08,5.337054151696612e-08,5.70604949794887e-08,0.608619601243788,0.3417928119669421
Standard,1,2,MgCl2,0.8,65,pos,-1.7050975209580785e-07,4.07825663232708e-08,-1.7274642814371226e-07,3.930383266061301e-08,-1.9758771137724533e-07,4.2101192424622026e-08,-2.7077959281437486e-08,5.8615084402285334e-08,1.158805927218888,0.3711953350535686
Standard,1,2,MgCl2,0.8,66,neg,-1.7871880718562842e-07,3.90817666606256e-08,-1.2687092375249484e-07,3.4273669919993914e-08,-1.922816019960077e-07,3.7221566262001374e-08,-1.3562794810379204e-08,5.3970635352125936e-08,1.0758890181954497,0.3142119304604743
Standard,1,2,MgCl2,0.8,67,pos,-5.6535142914171606e-08,4.13907537612178e-08,-4.6779514570858215e-08,3.716236760764425e-08,-8.292295928143706e-08,3.956964173809593e-08,-2.6387816367265458e-08,5.726212573947137e-08,1.4667506794371408,1.2818025835871003
Standard,1,2,MgCl2,0.8,68,neg,-1.1061946067864253e-07,4.102211714984237e-08,-9.974547524950089e-08,3.7819267998270215e-08,-9.724706506986016e-08,3.5082895104290826e-08,1.3372395608782353e-08,5.3977992037070674e-08,0.8791135345739017,0.4548258373977212
Standard,1,2,MgCl2,0.8,69,pos,-2.040597872255485e-07,3.885591326941313e-08,-1.609206319361274e-07,4.0563735022947946e-08,-1.3153464251496974e-07,4.38276808043858e-08,7.252514471057873e-08,5.857173038839882e-08,0.6445887467753935,0.2473756429184555
Standard,1,2,MgCl2,0.8,70,neg,-9.434418323353289e-08,3.85740892524202e-08,-8.111459580838317e-08,3.692338494170496e-08,-1.3427096187624742e-07,3.7185805958646664e-08,-3.992677864271453e-08,5.357932928329545e-08,1.4232033949976823,0.7028235321344941
Standard,1,2,MgCl2,0.8,71,pos,-7.164448423153682e-08,4.3640800185358366e-08,-6.062775728542903e-08,4.094728555454103e-08,-1.0788313632734524e-07,4.718566184597906e-08,-3.6238652095808425e-08,6.427290350265389e-08,1.5058121708112835,1.1291968919559556
Standard,1,2,MgCl2,0.8,72,neg,-5.529785089820357e-08,3.691099817922109e-08,-3.745217125748502e-08,3.3074649026607866e-08,-4.087853592814372e-08,3.857935588420451e-08,1.4419314970059865e-08,5.339277560706663e-08,0.7392427601462483,0.8545286984635387
Standard,1,2,MgCl2,0.8,73,pos,-1.1575900259481016e-07,3.638143432280776e-08,-7.630815828343292e-08,3.5324359654113945e-08,-7.752165449101785e-08,3.789740119420495e-08,3.823734810379231e-08,5.2534005945285584e-08,0.6696814308461688,0.3892006619883214
Standard,1,2,MgCl2,0.8,74,neg,-1.486665371257482e-07,4.0203290475229264e-08,-1.0685996207584821e-07,3.614753198762528e-08,-1.5363954331337294e-07,3.7271842254028986e-08,-4.973006187624729e-09,5.4822393144087394e-08,1.0334507434138884,0.3754449168756015
Standard,1,2,MgCl2,0.8,75,pos,-1.6320487524950068e-07,3.96273136438334e-08,-1.634428273453092e-07,3.6723712127188726e-08,-1.6077785189620745e-07,3.674742600328339e-08,2.4270233532932364e-09,5.4043476058572814e-08,0.9851289776142844,0.3285004253964708
Standard,1,2,MgCl2,0.8,76,neg,-1.14069618762475e-07,3.909218652031632e-08,-1.3598416287425125e-07,3.8351148734594443e-08,-1.6337145069860237e-07,3.9423226109755936e-08,-4.930183193612736e-08,5.5519274165285546e-08,1.4322082643125829,0.600293758087788
Standard,1,2,MgCl2,0.8,77,pos,-2.2537945109780419e-07,4.047703921163328e-08,-2.572398922155693e-07,3.8621209558484334e-08,-1.8852205628742482e-07,4.61565365864956e-08,3.6857394810379446e-08,6.139068799908179e-08,0.8364651496360905,0.2539851597886641
Standard,1,2,MgCl2,0.8,78,neg,-1.16258708782435e-07,4.26073260851418e-08,-9.296412035928137e-08,3.690725189655209e-08,-5.950942734530941e-08,3.956581716595611e-08,5.6749281437125594e-08,5.814497505490456e-08,0.5118707060188891,0.3886039828905741
Standard,1,2,MgCl2,0.8,79,pos,-1.1906642115768461e-07,4.130195907379053e-08,-1.4490703233532896e-07,3.921201521883501e-08,-1.338188752495008e-07,3.8055710737102054e-08,-1.4752454091816204e-08,5.616127618777063e-08,1.123901045722025,0.5041296301661377
Standard,1,2,MgCl2,0.8,80,neg,-1.3405682854291408e-07,3.945385394798842e-08,-1.3669797624750484e-07,3.616081756005378e-08,-1.4514498203592786e-07,4.051915611631311e-08,-1.1088153493013832e-08,5.65544746569832e-08,1.0827123363541629,0.4391980035182043
Standard,1,2,MgCl2,0.8,81,pos,-1.416472199600796e-07,4.109551698040794e-08,-1.5647108063872205e-07,3.975631183479429e-08,-1.8228796546906178e-07,3.9405835839789855e-08,-4.0640745508982185e-08,5.693559004804873e-08,1.2869152357556748,0.4656143942209164
Standard,1,2,MgCl2,0.8,82,neg,-2.166469640718561e-07,3.9197535522360406e-08,-1.932095481037921e-07,4.2611073087596194e-08,-2.053684499001992e-07,3.993803443057636e-08,1.1278514171656882e-08,5.595974790154624e-08,0.9479405851820932,0.2517913615116424
Standard,1,2,MgCl2,0.8,83,pos,-1.7391235249500966e-07,3.769480171043295e-08,-1.4842859999999973e-07,3.8687340642926135e-08,-2.063678453093811e-07,3.897778069501292e-08,-3.245549281437144e-08,5.422329263238615e-08,1.1866198251518836,0.3411458328153867
Standard,1,2,MgCl2,0.8,84,neg,-1.8787964351297402e-07,3.931845768047445e-08,-1.7229433453093768e-07,3.849624362083845e-08,-1.8764169720558865e-07,3.769090067317665e-08,2.3794630738536593e-10,5.4465999558683664e-08,0.9987335173575156,0.2897070811553744
Standard,1,2,MgCl2,0.8,85,pos,-2.188122574850295e-07,3.5781669948167165e-08,-1.7681525868263438e-07,3.760655001448911e-08,-1.8464360319361242e-07,4.023990290159547e-08,3.416865429141714e-08,5.38477268769017e-08,0.8438448801536867,0.2299159635065022
Standard,1,2,MgCl2,0.8,86,neg,-2.4862639121756534e-07,3.7347379765582486e-08,-1.8576193972055842e-07,3.87672134904174e-08,-1.8464360758482977e-07,3.752812947246459e-08,6.39827836327356e-08,5.294513459286609e-08,0.7426548995084508,0.1876928034899368
Standard,1,2,MgCl2,0.8,87,pos,-1.2211204151696588e-07,3.161314125318509e-08,-1.011493283433133e-07,3.4249075154436465e-08,-1.0369533393213561e-07,4.2567839267635934e-08,1.8416707584830267e-08,5.302274643781781e-08,0.8491818877479703,0.412128501300423
Standard,1,2,MgCl2,0.8,88,neg,-1.788377896207583e-07,3.578279266162399e-08,-1.3750700459081816e-07,4.0053832829587234e-08,-1.4916620019960065e-07,3.4727349706555226e-08,2.9671589421157613e-08,4.9863785138175714e-08,0.8340865793293526,0.2560448465657922
Standard,1,2,MgCl2,0.8,89,pos,-2.1238778403193578e-07,3.880846063209289e-08,-1.8466740079840282e-07,3.8091969328769513e-08,-1.9635042534930105e-07,3.959063914518097e-08,1.6037358682634733e-08,5.543929404814458e-08,0.92449020194013,0.2515631918969625
Standard,1,2,MgCl2,0.8,90,neg,-1.760062650698599e-07,3.821490745629301e-08,-1.9135363153692573e-07,3.4272150808186586e-08,-2.074861602794408e-07,4.13872895180707e-08,-3.147989520958089e-08,5.6331934864210415e-08,1.1788566742046709,0.3475738058713931
Standard,1,2,MgCl2,0.8,91,pos,-1.978256996007981e-07,3.3888896247120254e-08,-1.8157414730538922e-07,3.210772504568797e-08,-1.509983774451095e-07,3.780783459277283e-08,4.682732215568864e-08,5.077292236460839e-08,0.7632899959399425,0.2315664279340145
Standard,1,2,MgCl2,0.8,92,neg,-1.5078421856287386e-07,3.327712486352256e-08,-1.4554948982035898e-07,4.421691374180552e-08,-1.394343207584829e-07,3.889187499920317e-08,1.1349897804390956e-08,5.118539811446343e-08,0.9247275483298784,0.3289034862008304
Standard,1,2,MgCl2,0.8,93,pos,-1.1523551417165673e-07,3.385766559764065e-08,-1.0319563293413169e-07,3.618522450133994e-08,-1.540678383233531e-07,3.297230915499746e-08,-3.8832324151696345e-08,4.72600750182899e-08,1.3369822613352604,0.4859832522344405
Standard,1,2,MgCl2,0.8,94,neg,-1.7945644790419157e-07,3.8033523669362266e-08,-1.6042094550898174e-07,3.968207966207624e-08,-2.048925568862273e-07,4.4815022682077193e-08,-2.5436108982035743e-08,5.8778696657063034e-08,1.1417397328382184,0.3477302289419524
Standard,1,2,MgCl2,0.8,95,pos,-1.8162172435129706e-07,3.9017137774661663e-08,-1.734126720558879e-07,3.7675388249104213e-08,-2.3670549700598813e-07,4.029069934531413e-08,-5.5083772654691074e-08,5.60863396368619e-08,1.3032884576524928,0.3572136015315834
Standard,1,2,MgCl2,0.8,96,neg,-1.6351420678642697e-07,3.4210321923448686e-08,-2.108411876247501e-07,3.433480046280632e-08,-2.192881636726545e-07,3.395162172134284e-08,-5.5773956886227484e-08,4.8198119710369966e-08,1.341095480217669,0.3490558771243895
Standard,1,2,MgCl2,0.8,97,pos,-2.074147307385229e-07,4.669040176606762e-08,-2.322084091816366e-07,3.65060990125518e-08,-2.733485169660685e-07,3.8504846377854936e-08,-6.593378622754561e-08,6.051955726588734e-08,1.3178838166063769,0.349960753488067
Standard,1,2,MgCl2,0.8,98,neg,-2.673999920159685e-07,3.751147261166824e-08,-2.482218942115769e-07,4.301836576699296e-08,-2.7763150898203665e-07,4.06327060130928e-08,-1.0231516966068181e-08,5.5300337932442724e-08,1.0382629666101757,0.210485480190088
Standard,1,2,MgCl2,0.8,99,pos,-1.9675488163672643e-07,4.7663647847004544e-08,-2.1519553293413121e-07,3.6081855017465695e-08,-1.941613385229539e-07,3.93810919884766e-08,2.5935431137724462e-09,6.182793650355894e-08,0.9868184052553218,0.3117833368346674
Standard,1,2,MgCl2,0.8,100,neg,-1.87522728343313e-07,3.7137715378591504e-08,-1.6586985628742485e-07,4.1320624292139416e-08,-1.8947385548902168e-07,3.9978430445410813e-08,-1.9511271457086718e-09,5.4566333983692016e-08,1.010404750202528,0.2923915098253688
Standard,1,3,MgCl2,0.1,1,pos,4.911850618762476e-06,4.1683540428043815e-08,4.54299199600798e-06,4.747671435565003e-08,4.959439960079845e-06,3.8759467524701656e-08,4.7589341317369226e-08,5.6919362833878993e-08,1.0096886784658283,0.0116485179004379
Standard,1,3,MgCl2,0.1,2,neg,4.91220710578842e-06,3.732923625533716e-08,5.5838960479041846e-06,3.790631705599618e-08,4.931171556886231e-06,3.843357315123405e-08,1.8964451097811188e-08,5.3578087167964836e-08,1.0038606782428745,0.0109275922243742
Standard,1,3,MgCl2,0.1,3,pos,4.82060061876248e-06,3.52846187936949e-08,4.431944750499002e-06,3.7359042634784236e-08,4.812176966067871e-06,4.0037994449982695e-08,-8.423652694608976e-09,5.336708089256159e-08,0.9982525719592238,0.0110621765425449
Standard,1,3,MgCl2,0.1,4,neg,4.752762395209579e-06,4.3156231645632623e-08,5.369367744510973e-06,4.328306071782115e-08,4.759591057884234e-06,3.9948629461830666e-08,6.828662674654628e-09,5.880776586242797e-08,1.0014367776267412,0.0123829636826304
Standard,1,3,MgCl2,0.1,5,pos,4.702485289421164e-06,3.983479211149562e-08,4.358348782435125e-06,4.2326910209872044e-08,4.650636686626759e-06,3.67669980145184e-08,-5.184860279440509e-08,5.420906571382386e-08,0.9889742126549456,0.0114592897906079
Standard,1,3,MgCl2,0.1,6,neg,4.671551656686631e-06,3.4754227533494435e-08,5.311689880239517e-06,3.415527284015786e-08,4.68501960079841e-06,4.026471092458409e-08,1.3467944111779266e-08,5.318931544295549e-08,1.002882970178121,0.0113998178047786
Standard,1,3,MgCl2,0.1,7,pos,4.582728662674641e-06,4.266539999118703e-08,4.286965648702593e-06,3.5606240664079295e-08,4.521576427145702e-06,3.6914787933959166e-08,-6.115223552893905e-08,5.6418418310133084e-08,0.9866559336085048,0.012217418115291
Standard,1,3,MgCl2,0.1,8,neg,4.542349081836315e-06,4.16356961411153e-08,5.135588483033934e-06,3.379592454267548e-08,4.602382874251496e-06,3.637356897696676e-08,6.003379241518087e-08,5.5286234392273833e-08,1.0132164638458194,0.0122627784950767
Standard,1,3,MgCl2,0.1,9,pos,4.546441856287427e-06,3.900403309847973e-08,4.2606491417165625e-06,4.076565286931969e-08,4.462092295409186e-06,3.742727084520799e-08,-8.434956087824058e-08,5.405659257544688e-08,0.981447126446456,0.0117755390395786
Standard,1,3,MgCl2,0.1,10,neg,4.547512554890213e-06,3.516632742638162e-08,5.123644111776444e-06,3.4719187978112134e-08,4.5682377844311326e-06,4.1603094006112536e-08,2.0725229540919904e-08,5.4474654799648957e-08,1.0045574870417089,0.0120017821552996
Standard,1,3,MgCl2,0.1,11,pos,4.433967205588826e-06,3.83583351225734e-08,4.165020738522955e-06,3.736849340358125e-08,4.405722834331337e-06,4.1061494268359226e-08,-2.8244371257488825e-08,5.6190819400736146e-08,0.9936299999643912,0.0126352546799365
Standard,1,3,MgCl2,0.1,12,neg,4.4532167465069886e-06,3.884606521121041e-08,5.077316267465069e-06,4.0910692404801945e-08,4.525050379241508e-06,3.596576526164686e-08,7.183363273451978e-08,5.2939144810333837e-08,1.016130729049033,0.0119914765123038
Standard,1,3,MgCl2,0.1,13,pos,4.40196299401198e-06,3.6940756161967855e-08,4.2007367065868204e-06,3.3363064915138346e-08,4.412266007984031e-06,3.640104934795066e-08,1.0303013972050302e-08,5.1861892169972987e-08,1.0023405498833282,0.0117955361228301
Standard,1,3,MgCl2,0.1,14,neg,4.451004211576855e-06,3.789211763450481e-08,4.970766487025949e-06,3.3720784220334054e-08,4.423711457085832e-06,3.8754568010399176e-08,-2.7292754491022792e-08,5.420082213859681e-08,0.9938681804838476,0.012140775280009
Standard,1,3,MgCl2,0.1,15,pos,4.471348383233538e-06,3.549264928940692e-08,4.210611197604781e-06,3.364722582565871e-08,4.390184730538917e-06,3.389364917174378e-08,-8.116365269462041e-08,4.907654844992754e-08,0.9818480588542452,0.0108720334397275
Standard,1,3,MgCl2,0.1,16,neg,4.3928499201596805e-06,3.702479490819112e-08,4.9096849500998e-06,3.604131784282452e-08,4.367152435129732e-06,3.141614279408417e-08,-2.5697485029948237e-08,4.855728025797885e-08,0.9941501563911808,0.0110161592826082
Standard,1,3,MgCl2,0.1,17,pos,4.320206806387219e-06,4.085541835032933e-08,4.129685389221555e-06,3.3574929243383425e-08,4.315781177644696e-06,4.019541088246726e-08,-4.425628742522333e-09,5.731349112199321e-08,0.9989755979422144,0.0132594727780048
Standard,1,3,MgCl2,0.1,18,neg,4.325442035928144e-06,3.477954285850666e-08,4.8894840119760455e-06,3.736001510802503e-08,4.335387784431134e-06,3.909346150037674e-08,9.94574850298938e-09,5.232509277132857e-08,1.002299360023872,0.0121093477812304
Standard,1,3,MgCl2,0.1,19,pos,4.291176966067863e-06,3.975525161254604e-08,4.093138463073847e-06,3.416443157778462e-08,4.246681636726541e-06,3.557306309717752e-08,-4.449532934132173e-08,5.334719157455824e-08,0.9896309731122336,0.0123604102890979
Standard,1,3,MgCl2,0.1,20,neg,4.263242634730536e-06,3.770170540233305e-08,4.777341716566863e-06,3.9942613122422256e-08,4.33624437125748e-06,3.599953438940416e-08,7.300173652694379e-08,5.212854368288263e-08,1.0171235237544856,0.0123374047900276
Standard,1,3,MgCl2,0.1,21,pos,4.24944195608782e-06,3.9221675453326466e-08,4.030059900199602e-06,3.919482473222733e-08,4.203425209580833e-06,3.61078191782055e-08,-4.601674650698695e-08,5.3311484983744894e-08,0.989171108351989,0.0124721765952656
Standard,1,3,MgCl2,0.1,22,neg,4.272974231536926e-06,4.085130088575255e-08,4.781196387225551e-06,3.9892276263980676e-08,4.251773772455084e-06,3.6655300805478625e-08,-2.1200459081842843e-08,5.4885698148045896e-08,0.9950384771980668,0.0128095805936298
Standard,1,3,MgCl2,0.1,23,pos,4.2615293612774455e-06,3.6381685612286015e-08,4.103012834331334e-06,3.680217810878168e-08,4.219747425149699e-06,4.03855209395259e-08,-4.1781936127746845e-08,5.4356391984274535e-08,0.9901955536180508,0.0126992657388926
Standard,1,3,MgCl2,0.1,24,neg,4.20373451097804e-06,3.611907580781077e-08,4.707482235528943e-06,3.4830199060476474e-08,4.1994277445109724e-06,3.5296900876742644e-08,-4.306766467067822e-09,5.0502067766706116e-08,0.9989754903750888,0.0120073255717129
Standard,1,3,MgCl2,0.1,25,pos,4.161951257485024e-06,3.991933546310063e-08,4.0049800798403245e-06,3.6425838785038566e-08,4.1900527944111705e-06,3.62179090088819e-08,2.8101536926146943e-08,5.390074467752011e-08,1.006752010099976,0.012998871174195
Standard,1,3,MgCl2,0.1,26,neg,4.179821337325346e-06,3.4776358544390274e-08,4.671623073852301e-06,3.40508331430016e-08,4.228813073852292e-06,3.4518919376662764e-08,4.899173652694551e-08,4.899949906417953e-08,1.0117210121134734,0.0117922817879316
Standard,1,3,MgCl2,0.1,27,pos,4.162736526946104e-06,3.998427745894344e-08,3.991393393213577e-06,3.9216693135233625e-08,4.171564331337327e-06,3.401241163754785e-08,8.827804391222795e-09,5.249368142277481e-08,1.002120673344104,0.0126259004908521
Standard,1,3,MgCl2,0.1,28,neg,4.154122694610776e-06,3.7656421223007365e-08,4.611947984031942e-06,4.048665128814366e-08,4.151196047904189e-06,4.001689730038671e-08,-2.926646706587152e-09,5.4948686325282215e-08,0.9992954838068736,0.0132231310948179
Standard,1,3,MgCl2,0.1,29,pos,4.181248922155687e-06,3.4321277354374947e-08,3.982066187624761e-06,3.4015568506740034e-08,4.120263433133731e-06,4.4464344180365625e-08,-6.098548902195606e-08,5.6169635770814334e-08,0.9854145280136744,0.0133608799736662
Standard,1,3,MgCl2,0.1,30,neg,4.206565908183629e-06,3.8715201451413855e-08,4.650470119760483e-06,3.820239888783997e-08,4.2350469461077815e-06,3.662830548708328e-08,2.8481037924152283e-08,5.329633745651434e-08,1.0067706149257627,0.0127151348088258
Standard,1,3,MgCl2,0.1,31,pos,4.118645349301395e-06,4.0012691643124224e-08,4.014736167664676e-06,4.0058833239172496e-08,4.1431059481037854e-06,4.044047927694844e-08,2.4460598802390017e-08,5.688978692768183e-08,1.0059389912769594,0.0138533837352833
Standard,1,3,MgCl2,0.1,32,neg,4.098658642714576e-06,3.5481533954355575e-08,4.5791835528942124e-06,3.5765826842835523e-08,4.16092802395209e-06,4.0006445089353136e-08,6.226938123751483e-08,5.3473871193710256e-08,1.015192624384126,0.0131343123778892
Standard,1,3,MgCl2,0.1,33,pos,4.161998762475048e-06,3.5644844929743586e-08,4.044622215568865e-06,4.0400718499569274e-08,4.153599401197601e-06,4.161390020222472e-08,-8.399361277446814e-09,5.4792989151041816e-08,0.997981892413526,0.0131538289891682
Standard,1,3,MgCl2,0.1,34,neg,4.162974271457081e-06,3.878600134736965e-08,4.605642415169661e-06,3.9801331866600775e-08,4.167995089820356e-06,3.7885969036596064e-08,5.020818363274515e-09,5.4219005434995546e-08,1.0012060651918266,0.013032143626552
Standard,1,3,MgCl2,0.1,35,pos,4.09113988023952e-06,3.5237161037541375e-08,4.006193772455096e-06,3.667344778365029e-08,4.073580319361273e-06,3.5737400004726225e-08,-1.7559560878247274e-08,5.0187839932432137e-08,0.995707905035694,0.0122415194482908
Standard,1,3,MgCl2,0.1,36,neg,4.106748163672654e-06,3.60906197428245e-08,4.536519740518957e-06,4.1095542387618297e-08,4.094518263473049e-06,4.0371609935429144e-08,-1.2229900199605121e-08,5.415163637600987e-08,0.9970219989850392,0.0131685855644151
Standard,1,3,MgCl2,0.1,37,pos,4.096921656686629e-06,3.759775151056096e-08,3.968313532934137e-06,4.061635805058609e-08,4.1172415968063845e-06,4.7515887606621684e-08,2.0319940119755593e-08,6.059167016756506e-08,1.0049598068556158,0.0148178468213855
Standard,1,3,MgCl2,0.1,38,neg,4.134682654690615e-06,4.61219250068611e-08,4.527049301397197e-06,4.00736700554238e-08,4.076387584830344e-06,3.803017674893564e-08,-5.829506986027095e-08,5.97789788294665e-08,0.9859009566806444,0.0143369427777973
Standard,1,3,MgCl2,0.1,39,pos,4.0551394011976005e-06,3.9661869275674724e-08,3.919701317365275e-06,3.683510054093896e-08,4.030891936127747e-06,3.838848953063818e-08,-2.4247465069853366e-08,5.5197282567936516e-08,0.9940205594257272,0.0135697239015808
Standard,1,3,MgCl2,0.1,40,neg,4.043598582834334e-06,4.3744642407815134e-08,4.484506147704592e-06,4.360554396094767e-08,4.093685788423149e-06,3.6417740221314455e-08,5.008720558881476e-08,5.691964109351676e-08,1.012386789777166,0.0141797268440772
Standard,1,3,MgCl2,0.1,41,pos,4.065823233532931e-06,3.5924653338944705e-08,3.991536167664676e-06,5.100537118464906e-08,4.068725788423152e-06,3.8800960988448994e-08,2.902554890220781e-09,5.2878117318513644e-08,1.0007138910679347,0.0130097993341168
Standard,1,3,MgCl2,0.1,42,neg,4.087213832335328e-06,3.8132204374830356e-08,4.465923053892223e-06,4.0778952203987406e-08,4.115885489021951e-06,4.585326799269999e-08,2.8671656686623465e-08,5.963712934149495e-08,1.0070149637045638,0.0146330785202913
Standard,1,3,MgCl2,0.1,43,pos,4.061777624750496e-06,4.423801529167986e-08,3.949111477045911e-06,3.7295716212642566e-08,4.082478862275444e-06,3.6167310772339546e-08,2.0701237524948465e-08,5.714084673374985e-08,1.0050965954903108,0.0141109587135902
Standard,1,3,MgCl2,0.1,44,neg,4.013831117764479e-06,3.5219806796007714e-08,4.4450794810379306e-06,3.521424589750778e-08,4.033105149700595e-06,4.0557673284195545e-08,1.927403193611572e-08,5.371554386744735e-08,1.0048019040588958,0.0134102762408039
Standard,1,3,MgCl2,0.1,45,pos,4.088926926147701e-06,4.06913847802275e-08,4.031534530938123e-06,3.974262760348818e-08,4.070986207584829e-06,3.9498616264229074e-08,-1.7940718562872e-08,5.670916576816618e-08,0.9956123650808858,0.0138376629613035
Standard,1,3,MgCl2,0.1,46,neg,4.083121417165665e-06,4.1545568353166365e-08,4.475821497005994e-06,3.6362507795179494e-08,4.084001676646704e-06,3.3117572380584174e-08,8.802594810384066e-10,5.313010305063269e-08,1.0002155849388503,0.0130138444609089
Standard,1,3,MgCl2,0.1,47,pos,4.109175329341317e-06,3.6363436583212505e-08,4.011475489021963e-06,3.656188387392503e-08,4.052878522954091e-06,4.007281162850904e-08,-5.629680638722647e-08,5.4112195963158684e-08,0.9862997312416332,0.0130874625361274
Standard,1,3,MgCl2,0.1,48,neg,4.014450019960088e-06,3.764624988228716e-08,4.390518223552888e-06,3.927704085897928e-08,3.998745648702601e-06,3.771742982532535e-08,-1.570437125748657e-08,5.329019274526926e-08,0.9960880391636704,0.0132487032950198
Standard,1,3,MgCl2,0.1,49,pos,4.1351819161676616e-06,3.7178384170388e-08,4.07415105788423e-06,3.7219642291116075e-08,4.036650778443118e-06,3.837154924671163e-08,-9.853113772454329e-08,5.34285320883306e-08,0.9761724780863188,0.0127723353197616
Standard,1,3,MgCl2,0.1,50,neg,3.98520722554891e-06,5.0226451776798045e-08,4.349688003992009e-06,3.762699896627399e-08,3.9682654491017965e-06,4.1617429647299206e-08,-1.6941776447113675e-08,6.522811440272451e-08,0.9957488342542136,0.0163263387737741
Standard,1,3,MgCl2,0.1,51,pos,4.046977405189619e-06,4.00565104977142e-08,3.968027744510979e-06,4.033934475301488e-08,3.972548363273457e-06,3.988682861441565e-08,-7.442904191616215e-08,5.652860453053176e-08,0.9816087330211632,0.0138397100248357
Standard,1,3,MgCl2,0.1,52,neg,3.909493073852303e-06,3.910040142674409e-08,4.310569960079834e-06,3.9826562467760124e-08,3.957130299401204e-06,3.592366539915126e-08,4.763722554890024e-08,5.3097562349346215e-08,1.0121850134145294,0.0136716902075522
Standard,1,3,MgCl2,0.1,53,pos,4.00945319361278e-06,3.953735027262745e-08,3.974904391217571e-06,3.4274088829298434e-08,4.023658522954096e-06,3.8195623244214464e-08,1.4205329341316973e-08,5.497370009008316e-08,1.0035429592653549,0.0137361702655032
Standard,1,3,MgCl2,0.1,54,neg,4.070343712574847e-06,3.797420893961088e-08,4.424948782435131e-06,3.6657265128683234e-08,4.077553532934127e-06,3.540171651902504e-08,7.209820359279353e-09,5.191649137877706e-08,1.0017713050465509,0.0127669099552888
Standard,1,3,MgCl2,0.1,55,pos,3.99581896207585e-06,3.79906683136867e-08,3.95375133732535e-06,3.763563966784656e-08,3.980234011976052e-06,3.50334863762066e-08,-1.5584950099797575e-08,5.167819701375439e-08,0.996099685634481,0.0129058312404226
Standard,1,3,MgCl2,0.1,56,neg,4.015972934131744e-06,3.728595510877584e-08,4.397537345309376e-06,4.062296895031832e-08,3.996937345309389e-06,3.672147597167791e-08,-1.9035588822354722e-08,5.2332678566190034e-08,0.9952600305991678,0.0129998152818974
Standard,1,3,MgCl2,0.1,57,pos,3.957534770459087e-06,3.560664236623847e-08,3.892337465069872e-06,3.9441219597792426e-08,3.959461976047904e-06,3.5553851080964753e-08,1.927205588816902e-09,5.031808131561285e-08,1.000486971233507,0.0127176021521628
Standard,1,3,MgCl2,0.1,58,neg,3.941687744510983e-06,3.5506298386379184e-08,4.312925828343308e-06,3.7720162560127895e-08,3.9671710978043946e-06,3.4954113380150454e-08,2.548335329341145e-08,4.9824564898200624e-08,1.0064650867712437,0.0126819808788765
Standard,1,3,MgCl2,0.1,59,pos,3.9866585229540975e-06,3.8481955306532584e-08,3.940569081836331e-06,4.3020119483275355e-08,3.977640459081839e-06,3.4470896907229075e-08,-9.018063872258672e-09,5.166336823904134e-08,0.9977379392239554,0.012942809549463
Standard,1,3,MgCl2,0.1,60,neg,3.977140618762483e-06,3.811352183958291e-08,4.285347385229543e-06,3.466232253253235e-08,4.016972255489027e-06,3.5192755673612667e-08,3.9831636726544217e-08,5.1876493703015054e-08,1.0100151441813838,0.013114341338318
Standard,1,3,MgCl2,0.1,61,pos,3.90675682634731e-06,3.90404936560462e-08,3.914466047904201e-06,3.8997861417643235e-08,3.865997085828355e-06,3.719490685955032e-08,-4.075974051895481e-08,5.3922363089894414e-08,0.9895668601014352,0.013727037576246
Standard,1,3,MgCl2,0.1,62,neg,3.90076055888224e-06,3.9845244926929815e-08,4.224363752495009e-06,3.707358422233577e-08,3.938856287425154e-06,3.396863853305316e-08,3.809572854291368e-08,5.23594494535251e-08,1.009766230961336,0.013498953747415
Standard,1,3,MgCl2,0.1,63,pos,3.893931576846314e-06,3.893818588106782e-08,3.902259321357292e-06,3.6304848909457394e-08,3.860477105788434e-06,3.4173587394459924e-08,-3.3454471057879764e-08,5.180749361931514e-08,0.9914085621697096,0.0132402253212815
Standard,1,3,MgCl2,0.1,64,neg,3.861523872255502e-06,3.3671645599460174e-08,4.257650718562876e-06,3.7502161045500296e-08,3.965148562874254e-06,3.6988814113601116e-08,1.0362469061875221e-07,5.0019517059905554e-08,1.0268351806299272,0.0131119719036833
Standard,1,3,MgCl2,0.1,65,pos,3.941045329341321e-06,3.512319684967928e-08,3.926030758483034e-06,3.338980568711888e-08,3.904067724550905e-06,3.3563270210335275e-08,-3.6977604790415883e-08,4.8581190435736536e-08,0.9906173104594572,0.0122666614178007
Standard,1,3,MgCl2,0.1,66,neg,3.877227704590828e-06,3.605830268496511e-08,4.207755748502992e-06,3.66864278567514e-08,3.86549762475051e-06,3.89231989505861e-08,-1.1730079840318289e-08,5.305861484309094e-08,0.9969746218860376,0.0136655730420746
Standard,1,3,MgCl2,0.1,67,pos,3.886697924151705e-06,3.762643258777314e-08,3.905995289421166e-06,3.898293184159025e-08,3.885103732534938e-06,3.6543421485136265e-08,-1.5941916167677939e-09,5.245159752688716e-08,0.999589833928986,0.0134923085473072
Standard,1,3,MgCl2,0.1,68,neg,3.982089940119764e-06,3.7937370148659487e-08,4.328868483033935e-06,3.618671429259929e-08,3.996437405189624e-06,3.6450772996652463e-08,1.4347465069859608e-08,5.2610863002329545e-08,1.0036029987482975,0.0132366455711286
Standard,1,3,MgCl2,0.1,69,pos,3.959628463073857e-06,3.7243608018465755e-08,3.91820199600799e-06,3.452908562368812e-08,3.918130858283445e-06,3.78625388353961e-08,-4.14976047904119e-08,5.310986900092115e-08,0.9895198235952176,0.0133439003996302
Standard,1,3,MgCl2,0.1,70,neg,3.835564970059889e-06,4.3805340015220755e-08,4.205804770459077e-06,3.2487446243083045e-08,3.899237544910186e-06,3.71427115833036e-08,6.367257485029632e-08,5.743247197892127e-08,1.016600572626802,0.0151187713736293
Standard,1,3,MgCl2,0.1,71,pos,3.846082195608792e-06,3.517843916335204e-08,3.823025968063883e-06,3.707901194626116e-08,3.861785568862283e-06,3.4167133937831984e-08,1.570337325349067e-08,4.9039939064964295e-08,1.0040829531078197,0.0127774373382893
Standard,1,3,MgCl2,0.1,72,neg,3.877418223552905e-06,4.1180323085642697e-08,4.20849325349301e-06,4.1632177862725535e-08,3.907232714570864e-06,3.7986459500937546e-08,2.981449101795907e-08,5.6024906201209166e-08,1.007689263654061,0.014509155087378
Standard,1,3,MgCl2,0.1,73,pos,3.908469940119769e-06,3.9817626400834195e-08,3.883937884231546e-06,4.1073065689263734e-08,3.965957704590823e-06,3.337549872167543e-08,5.748776447105361e-08,5.1955435587789726e-08,1.0147085087903458,0.0134082194752293
Standard,1,3,MgCl2,0.1,74,neg,3.92698249500998e-06,3.571610592943301e-08,4.196310738522944e-06,3.8554339227296985e-08,3.951062814371262e-06,3.441567651323262e-08,2.408031936128219e-08,4.959918358830064e-08,1.006132015966937,0.0126705746439318
Standard,1,3,MgCl2,0.1,75,pos,3.875348063872266e-06,3.5371129945817587e-08,3.872849740518971e-06,3.810000601223754e-08,3.835018103792428e-06,3.561154790509964e-08,-4.0329960079837625e-08,5.0192620750874534e-08,0.9895932031355296,0.012885010550461
Standard,1,3,MgCl2,0.1,76,neg,3.963578662674654e-06,3.5790771916906e-08,4.238663592814366e-06,3.578990665908298e-08,3.97357141716567e-06,3.9321511422980936e-08,9.992754491016197e-09,5.3171050535000796e-08,1.0025211444861986,0.0134302446021731
Standard,1,3,MgCl2,0.1,77,pos,3.889077225548909e-06,3.820377110295566e-08,3.90413948103793e-06,3.8256713498811443e-08,3.857574011976056e-06,3.686729869236229e-08,-3.1503213572852776e-08,5.30916739174693e-08,0.9918995659520732,0.0135943363587268
Standard,1,3,MgCl2,0.1,78,neg,3.85410037924153e-06,3.473021964882868e-08,4.178584051896203e-06,3.58547901032666e-08,3.910730778443123e-06,4.5980281512761776e-08,5.663039920159328e-08,5.7622690364549176e-08,1.0146935454786308,0.01503118464838
Standard,1,3,MgCl2,0.1,79,pos,3.890862035928151e-06,4.2746495662764146e-08,3.947183992015975e-06,4.4369543130755036e-08,3.931312974051904e-06,4.045929088525068e-08,4.0450938123753614e-08,5.885760027714384e-08,1.010396394873483,0.0152102925653949
Standard,1,3,MgCl2,0.1,80,neg,3.8523635129740645e-06,3.9619400243243676e-08,4.1447239520958045e-06,4.1836467039530324e-08,3.869399820359293e-06,4.6265153463137495e-08,1.7036307385228572e-08,6.091109341164384e-08,1.0044223000575758,0.0158409771799717
Standard,1,3,MgCl2,0.1,81,pos,3.857740738522963e-06,4.289151041469045e-08,3.940355189620764e-06,3.9510499878057367e-08,3.857716906187635e-06,4.3130338211161533e-08,-2.3832335327691397e-11,6.082686692459739e-08,0.9999938222039936,0.0157674359691343
Standard,1,3,MgCl2,0.1,82,neg,3.834875029940131e-06,4.157820209014697e-08,4.144509820359281e-06,4.357722372257849e-08,3.928885928143719e-06,4.067259055662456e-08,9.40108982035884e-08,5.8163618453771665e-08,1.024514722766613,0.0153581435920735
Standard,1,3,MgCl2,0.1,83,pos,3.7537833732534976e-06,3.8609553853915433e-08,3.8014441916167743e-06,3.833252891207685e-08,3.740910778443121e-06,3.994795951225557e-08,-1.2872594810376561e-08,5.55566118296572e-08,0.9965707678013344,0.0147756742196969
Standard,1,3,MgCl2,0.1,84,neg,3.936452614770464e-06,3.930051755065456e-08,4.193907185628738e-06,4.066072168891586e-08,3.9153706986028e-06,3.808752772904778e-08,-2.1081916167663968e-08,5.4728333139794155e-08,0.9946444379671788,0.0138646115122854
Standard,1,3,MgCl2,0.1,85,pos,3.7914743512974126e-06,3.9208429030354495e-08,3.876514031936137e-06,3.7461408469396633e-08,3.851697145708591e-06,3.6836558982032164e-08,6.022279441117792e-08,5.379807603125859e-08,1.015883740421604,0.0143093770153567
Standard,1,3,MgCl2,0.1,86,neg,3.8536483832335445e-06,3.3155719542498857e-08,4.117074790419164e-06,3.5857756809454586e-08,3.883009860279451e-06,3.9156676035900175e-08,2.9361477045906652e-08,5.130835230799445e-08,1.0076191375356538,0.0133566821027651
Standard,1,3,MgCl2,0.1,87,pos,3.855765848303405e-06,3.8882747782647055e-08,3.940926387225552e-06,3.548925078839731e-08,3.902354610778448e-06,3.525327017594541e-08,4.65887624750434e-08,5.248486575411189e-08,1.0120828816655305,0.0137025605865686
Standard,1,3,MgCl2,0.1,88,neg,3.89228972055889e-06,3.6538559724238636e-08,4.164473413173649e-06,3.9447124185762176e-08,3.876680578842328e-06,3.9464973090884965e-08,-1.5609141716562265e-08,5.378243623885058e-08,0.9959897276828816,0.0137921375134336
Standard,1,3,MgCl2,0.1,89,pos,3.888982015968072e-06,3.580716347503318e-08,3.883200139720572e-06,3.934536373933332e-08,3.864212475049913e-06,4.033030148488697e-08,-2.4769540918159364e-08,5.3932236871741446e-08,0.99363084200018,0.0138290921572171
Standard,1,3,MgCl2,0.1,90,neg,3.8514594610778505e-06,3.42614738256979e-08,4.155883233532933e-06,3.647962454197352e-08,3.860477165668673e-06,3.618525093391654e-08,9.01770459082252e-09,4.983192725411581e-08,1.002341373362995,0.0129527820608333
Standard,1,3,MgCl2,0.1,91,pos,3.869970678642726e-06,3.791399008728204e-08,3.952680379241521e-06,3.87693735834857e-08,3.882296067864283e-06,3.8097137324310666e-08,1.2325389221557092e-08,5.374813965753519e-08,1.003184879226496,0.0139105410295237
Standard,1,3,MgCl2,0.1,92,neg,3.843702554890234e-06,4.10352412087402e-08,4.142273013972052e-06,4.0204199809196655e-08,3.923603373253496e-06,3.958408388226775e-08,7.990081836326201e-08,5.7015705887570145e-08,1.0207874613662824,0.0149940534824995
Standard,1,3,MgCl2,0.1,93,pos,3.950087065868263e-06,3.7116525332709286e-08,4.01154686626747e-06,3.4972323937080375e-08,3.933525668662682e-06,4.0410805047684935e-08,-1.6561397205580425e-08,5.4869569137871387e-08,0.9958073336284956,0.0138641049873543
Standard,1,3,MgCl2,0.1,94,neg,3.963459321357287e-06,3.4660451986933484e-08,4.21931936127744e-06,4.0047960811896766e-08,3.938284990019961e-06,3.5868336078634855e-08,-2.5174331337326157e-08,4.987869750693596e-08,0.9936483941687826,0.0125461029624217
Standard,1,3,MgCl2,0.1,95,pos,3.924412694610789e-06,3.5903786799229835e-08,3.96367339321358e-06,3.734575509563397e-08,3.917297904191622e-06,3.6981199804749525e-08,-7.114790419166933e-09,5.15430989126901e-08,0.9981870432666428,0.0131224166354892
Standard,1,3,MgCl2,0.1,96,neg,3.901022315369265e-06,4.1494282375145894e-08,4.224791756487021e-06,3.733376072817448e-08,3.893003113772464e-06,3.4529428415266785e-08,-8.019201596801046e-09,5.398200530281712e-08,0.9979443333186772,0.0138211120887274
Standard,1,3,MgCl2,0.1,97,pos,3.858621497005996e-06,4.4033036828664144e-08,3.887744690618769e-06,3.7325363459102384e-08,3.898785648702603e-06,4.1045740195888114e-08,4.016415169660681e-08,6.019685307873525e-08,1.0104089379400834,0.0156877076910758
Standard,1,3,MgCl2,0.1,98,neg,3.889267604790427e-06,3.7086872850801296e-08,4.1225951696606746e-06,4.0654097513303054e-08,3.900641776447115e-06,4.5845612747982e-08,1.137417165668772e-08,5.896826558488414e-08,1.0029245021974518,0.0151793463155288
Standard,1,3,MgCl2,0.1,99,pos,3.823192355289429e-06,4.299625020442505e-08,3.861904770459092e-06,4.2035364732534576e-08,3.819932175648711e-06,4.1901330621557785e-08,-3.260179640717855e-09,6.00366474705127e-08,0.9991472624608576,0.0156964100788441
Standard,1,3,MgCl2,0.1,100,neg,3.948397644710585e-06,3.767763153439337e-08,4.211848103792413e-06,3.9752382185187436e-08,3.954417664670662e-06,3.856523599740225e-08,6.020019960077448e-09,5.39155019041541e-08,1.001524674184765,0.0136652048057539
Standard,2,1,KCl,0.1,1,pos,3.7666800998004057e-06,3.37083407273336e-08,3.4041983433133704e-06,3.64376098701588e-08,3.7777448502994068e-06,3.697144233902088e-08,1.1064750499001105e-08,5.003138798012267e-08,1.0029375339040838,0.013300347732795505
Standard,2,1,KCl,0.1,2,neg,3.5698076047904102e-06,3.769778236781968e-08,4.147840758483036e-06,3.7157026864693467e-08,3.5675232734530895e-06,4.280784414640703e-08,-2.2843313373206858e-09,5.7040637408031925e-08,0.9993600967922598,0.01597416553152963
Standard,2,1,KCl,0.1,3,pos,3.6231769261476965e-06,3.5662897427614283e-08,3.3085467265468996e-06,3.262189266218426e-08,3.6170140918163583e-06,3.621209773851213e-08,-6.162834331338226e-09,5.0824780132884914e-08,0.9982990523352966,0.014015940967492603
Standard,2,1,KCl,0.1,4,neg,3.466325429141706e-06,3.7061646564413043e-08,4.079814011976042e-06,3.32383978926761e-08,3.5195534131736524e-06,3.431111439937425e-08,5.3227984031946324e-08,5.050562560143589e-08,1.0153557376882314,0.014691266994429464
Standard,2,1,KCl,0.1,5,pos,3.5581956487025846e-06,4.0055428873354206e-08,3.2231714570858316e-06,3.6741605197278145e-08,3.507132435129734e-06,3.57241547255954e-08,-5.1063213572850596e-08,5.367171147901488e-08,0.985649127081736,0.014963788697687823
Standard,2,1,KCl,0.1,6,neg,3.5239794810379217e-06,3.411627994565261e-08,4.014521417165668e-06,3.9755437290861484e-08,3.4891437924151654e-06,3.5302881344004055e-08,-3.4835688622756346e-08,4.9093930261479045e-08,0.9901146732521563,0.013865055319766466
Standard,2,1,KCl,0.1,7,pos,3.414192495009975e-06,3.3872344600905254e-08,3.1653762674650687e-06,3.6707573091125525e-08,3.397797724550892e-06,3.71960419024925e-08,-1.63947704590828e-08,5.03078648123179e-08,0.9951980532781779,0.014702889293180098
Standard,2,1,KCl,0.1,8,neg,3.384876726546901e-06,3.341524507261731e-08,3.919320479041923e-06,3.653054507901655e-08,3.383235009980036e-06,3.478950262147909e-08,-1.6417165668647673e-09,4.8237828474268785e-08,0.9995149848282541,0.014247668959250285
Standard,2,1,KCl,0.1,9,pos,3.3444507584830292e-06,4.1294270288062425e-08,3.146221377245513e-06,3.836761390938203e-08,3.342594990019953e-06,4.3545386109780785e-08,-1.8557684630762928e-09,6.001181058819544e-08,0.9994451201117645,0.017938983255154084
Standard,2,1,KCl,0.1,10,neg,3.3705051297405148e-06,4.07922930494613e-08,3.9583911377245516e-06,4.098259279868696e-08,3.4408898003991967e-06,3.956240962277288e-08,7.038467065868191e-08,5.682601013086526e-08,1.0208825288641827,0.017042123813779654
Standard,2,1,KCl,0.1,11,pos,3.3202526546906175e-06,4.0075484310716946e-08,3.1240442514970116e-06,3.3911515355239147e-08,3.303025788423152e-06,3.6236695230486235e-08,-1.7226866267465334e-08,5.4029089608891837e-08,0.9948115797021867,0.016226187296924672
Standard,2,1,KCl,0.1,12,neg,3.3227509381237497e-06,3.712737366577606e-08,3.801539760479051e-06,3.908440468450963e-08,3.350470618762472e-06,3.660746278856758e-08,2.7719680638722125e-08,5.213969895515817e-08,1.008342388928607,0.015758238638519297
Standard,2,1,KCl,0.1,13,pos,3.3699337524950054e-06,3.5246471634627675e-08,3.153003113772458e-06,3.620298758783636e-08,3.3866614171656638e-06,3.338212270943277e-08,1.6727664670658415e-08,4.8545647377269984e-08,1.0049637962937028,0.014443258033831702
Standard,2,1,KCl,0.1,14,neg,3.317254570858283e-06,3.5487193296532494e-08,3.8584309580838445e-06,4.223672076144451e-08,3.381759780439117e-06,3.195486845774366e-08,6.450520958083392e-08,4.775410460072685e-08,1.0194453600720021,0.01455092244289891
Standard,2,1,KCl,0.1,15,pos,3.2703080439121743e-06,3.4425084240507904e-08,3.070579580838328e-06,3.9558065787193775e-08,3.254960578842319e-06,3.8768186821984264e-08,-1.5347465069855447e-08,5.1846492016628664e-08,0.9953070276977652,0.015820944774174717
Standard,2,1,KCl,0.1,16,neg,3.3680064670658653e-06,3.6333506295063445e-08,3.831306167664683e-06,3.5926655058380145e-08,3.359488123752491e-06,3.4900405947104015e-08,-8.518343313374395e-09,5.0380174820717607e-08,0.99747080553536,0.014938790201780325
Standard,2,1,KCl,0.1,17,pos,3.240469920159687e-06,3.9221739313722586e-08,3.0553277644710644e-06,4.204848413192104e-08,3.2571974451097825e-06,4.0036904948553174e-08,1.6727524950095347e-08,5.6047288896547825e-08,1.0051620676513704,0.017339818316500256
Standard,2,1,KCl,0.1,18,neg,3.252248083832342e-06,3.750328040479876e-08,3.7142145109780497e-06,3.7396247138053515e-08,3.2478456686626797e-06,3.505685402602462e-08,-4.402415169662273e-09,5.1336917080430154e-08,0.9986463470632675,0.015773655930859623
Standard,2,1,KCl,0.1,19,pos,3.262788642714575e-06,3.464444372412541e-08,3.0927075449101846e-06,3.570281479884303e-08,3.3020024950099786e-06,3.728061668431028e-08,3.921385229540384e-08,5.089284685804643e-08,1.0120185082729658,0.01568510905242112
Standard,2,1,KCl,0.1,20,neg,3.2611947305389247e-06,4.305763164152491e-08,3.754544570858287e-06,3.5722846393666125e-08,3.2744486427145765e-06,3.646007155442909e-08,1.3253912175651809e-08,5.64207094986525e-08,1.0040641278030833,0.017341610261431214
Standard,2,1,KCl,0.1,21,pos,3.2266689221556907e-06,3.527512869481733e-08,3.0570411576846354e-06,3.4899565628487235e-08,3.1510516167664704e-06,3.7836175414288905e-08,-7.561730538922027e-08,5.172920716980655e-08,0.9765649010749137,0.01585816670691448
Standard,2,1,KCl,0.1,22,neg,3.2115363872255505e-06,3.6821247913694604e-08,3.6682445309381197e-06,4.198572742289391e-08,3.218365089820365e-06,3.6632388317470044e-08,6.8287025948142945e-09,5.1939735961628404e-08,1.00212630397774,0.016190154119831077
Standard,2,1,KCl,0.1,23,pos,3.2086572055888217e-06,3.671777865524611e-08,3.080644251497014e-06,3.606337446341685e-08,3.18436413173653e-06,3.6237020444493174e-08,-2.429307385229185e-08,5.15879532456005e-08,0.9924288971068713,0.01601618944512168
Standard,2,1,KCl,0.1,24,neg,3.136180039920162e-06,3.603180464531858e-08,3.5331643912175634e-06,3.384656785966102e-08,3.1356088423153734e-06,3.788788277876036e-08,-5.711976047883657e-10,5.228558699541861e-08,0.9998178683629391,0.01667030083699007
Standard,2,1,KCl,0.1,25,pos,3.1362753892215588e-06,3.794239084320081e-08,3.0027896207584883e-06,3.805920536816141e-08,3.1361559281437203e-06,3.628784912042633e-08,-1.19461077838497e-10,5.250174298711458e-08,0.9999619098889565,0.016739824164180947
Standard,2,1,KCl,0.1,26,neg,3.0934928542914223e-06,3.838850186757402e-08,3.557411037924146e-06,3.56983078607454e-08,3.151979860279442e-06,3.484993412591252e-08,5.84870059880196e-08,5.184780597303204e-08,1.0189064622880522,0.016934727460992956
Standard,2,1,KCl,0.1,27,pos,3.1460548103792463e-06,3.962057475370559e-08,3.036697225548909e-06,3.761145980797645e-08,3.13353914171657e-06,4.348899412796159e-08,-1.2515668662676191e-08,5.8830965945459795e-08,0.9960217893784351,0.018666213482257582
Standard,2,1,KCl,0.1,28,neg,3.1466257085828414e-06,3.738851630309644e-08,3.5561496806387128e-06,3.697192769518251e-08,3.1726573852295434e-06,3.6435594675389945e-08,2.6031676646702e-08,5.220587812398344e-08,1.0082728862780523,0.016661607708059106
Standard,2,1,KCl,0.1,29,pos,3.104914890219566e-06,5.116921259349146e-08,2.9816836926147773e-06,3.8796064652710995e-08,3.1210231936127797e-06,4.5938510025690286e-08,1.6108303393213752e-08,6.876507122673816e-08,1.005188001591913,0.02221086221314212
Standard,2,1,KCl,0.1,30,neg,3.085688702594816e-06,4.1326044520536736e-08,3.476199760479037e-06,3.6485103068821336e-08,3.0648690419161723e-06,4.003268419029936e-08,-2.081966067864368e-08,5.7536577576300354e-08,0.9932528318034363,0.018581469824826644
Standard,2,1,KCl,0.1,31,pos,3.1254723353293447e-06,3.943394783603761e-08,2.972141936127751e-06,3.6530251376686564e-08,3.114431796407195e-06,4.55054072695374e-08,-1.1040538922149805e-08,6.021443624831011e-08,0.9964675614634784,0.01923654949549249
Standard,2,1,KCl,0.1,32,neg,3.0590158083832384e-06,3.743657331000276e-08,3.4355120558882176e-06,4.4154311019025944e-08,3.0413129540918215e-06,4.3074921962272724e-08,-1.770285429141685e-08,5.706965851703597e-08,0.9942128921848321,0.018609833730024387
Standard,2,1,KCl,0.1,33,pos,3.0950156287425243e-06,3.7548919588370286e-08,2.9732367664670687e-06,3.9636073825788466e-08,3.0686522954091853e-06,3.6671118702877974e-08,-2.6363333333338963e-08,5.2485162752671963e-08,0.9914820031638902,0.016884186021854992
Standard,2,1,KCl,0.1,34,neg,3.101606626746515e-06,3.825995485097181e-08,3.4814342714570803e-06,3.395655370202001e-08,3.100964291417167e-06,4.554882734985511e-08,-6.423353293479937e-10,5.9485458879841465e-08,0.999792902386844,0.019177274899237907
Standard,2,1,KCl,0.1,35,pos,2.9650275848303478e-06,3.494218057813923e-08,2.8750612175648702e-06,3.926832481166685e-08,2.95641401197605e-06,3.730668369705159e-08,-8.613572854297852e-09,5.1115013763346925e-08,0.9970949434337925,0.017215919445135588
Standard,2,1,KCl,0.1,36,neg,3.047309281437133e-06,3.942585759983716e-08,3.416572035928138e-06,3.4690436501242025e-08,3.0367684231536948e-06,3.971591791345862e-08,-1.0540858283438323e-08,5.596206199910097e-08,0.9965409292887832,0.018332916608295245
Standard,2,1,KCl,0.1,37,pos,3.0767420359281493e-06,4.5064070129613393e-08,2.9272190019960086e-06,3.892068686703763e-08,3.0162334730539003e-06,4.105392024050536e-08,-6.050856287424899e-08,6.096060025754741e-08,0.9803335599255089,0.019601386175753608
Standard,2,1,KCl,0.1,38,neg,3.019207964071859e-06,3.9338559758164845e-08,3.377524730538918e-06,4.145464470209873e-08,3.0457861676646757e-06,4.331468363134871e-08,2.6578203592816876e-08,5.851225599761587e-08,1.0088030383826134,0.019457300494392885
Standard,2,1,KCl,0.1,39,pos,3.0252991616766564e-06,4.118530641983629e-08,2.9357372255489035e-06,4.3572861490691905e-08,3.012188522954098e-06,4.781196595219623e-08,-1.3110638722558254e-08,6.310478233152999e-08,0.995666333138673,0.020820565842390806
Standard,2,1,KCl,0.1,40,neg,3.0731492415169735e-06,3.4646916050689925e-08,3.416452994011971e-06,3.3247311786337904e-08,3.0946111177644773e-06,4.074297572770182e-08,2.146187624750378e-08,5.3482696855821085e-08,1.006983675233719,0.017454329936489973
Standard,2,1,KCl,0.1,41,pos,3.033984670658691e-06,3.590291460788826e-08,2.9827069061876306e-06,3.80296357885423e-08,3.065582914171664e-06,3.901247734111003e-08,3.159824351297281e-08,5.301879539966878e-08,1.0104147670285073,0.017558663172521603
Standard,2,1,KCl,0.1,42,neg,3.0394095808383306e-06,4.15469365853122e-08,3.370719540918156e-06,3.9068287492400076e-08,3.017209361277449e-06,4.005880470996631e-08,-2.2200219560881528e-08,5.7713566640913585e-08,0.9926958776135864,0.018916665504715404
Standard,2,1,KCl,0.1,43,pos,3.0335799401197664e-06,3.8068809293126263e-08,2.974093453093815e-06,4.097467990176741e-08,3.0041460279441135e-06,4.192125716138794e-08,-2.9433912175652897e-08,5.662707870787294e-08,0.990297301288691,0.018585112523176142
Standard,2,1,KCl,0.1,44,neg,3.061276047904197e-06,4.345627848251275e-08,3.4239480838323323e-06,3.93808388829004e-08,3.070413033932139e-06,3.851344025631641e-08,9.136986027942095e-09,5.806662741994367e-08,1.0029846984998942,0.018999841492939873
Standard,2,1,KCl,0.1,45,pos,2.989345808383241e-06,4.349541114640952e-08,2.918533932135728e-06,4.639271299576458e-08,3.0054547904191678e-06,4.027634901782915e-08,1.6108982035926813e-08,5.927929723774729e-08,1.005388798442372,0.019887792674507812
Standard,2,1,KCl,0.1,46,neg,3.039004710578847e-06,4.541399796280955e-08,3.361772594810373e-06,3.8771015019644353e-08,3.0392667265469098e-06,3.917205472863371e-08,2.6201596806271315e-10,5.997400339004512e-08,1.000086217690664,0.019735727343458045
Standard,2,1,KCl,0.1,47,pos,2.9828020359281507e-06,4.082060135577013e-08,2.911157584830339e-06,4.0901208754207814e-08,2.9257913373253558e-06,4.3660604004158934e-08,-5.701069860279491e-08,5.977097821731448e-08,0.9808868647948824,0.01986081362483426
Standard,2,1,KCl,0.1,48,neg,2.9320253892215636e-06,4.184536401679646e-08,3.270093832335328e-06,4.075638118974535e-08,2.9366415169660726e-06,3.935317007426732e-08,4.61612774450901e-09,5.7443071684863903e-08,1.0015743819141125,0.01960797523213412
Standard,2,1,KCl,0.1,49,pos,3.098774990019968e-06,3.8073238478620476e-08,3.068437884231542e-06,3.8891605900432735e-08,3.128970259481043e-06,4.0591380884770804e-08,3.019526946107501e-08,5.565277792152377e-08,1.0097442600893332,0.018041722555012095
Standard,2,1,KCl,0.1,50,neg,3.0730777045908193e-06,3.7949807321257316e-08,3.410265908183628e-06,4.001791226218019e-08,3.058468542914175e-06,3.871294140817327e-08,-1.460916167664414e-08,5.421143521613509e-08,0.9952460812641282,0.017599716196021166
Standard,2,1,KCl,0.1,51,pos,3.194833113772456e-06,4.070169192902219e-08,3.147839421157683e-06,4.067273829316485e-08,3.2355206387225575e-06,4.0927312259556213e-08,4.068752495010155e-08,5.7720642881695715e-08,1.012735414809213,0.01818164518027466
Standard,2,1,KCl,0.1,52,neg,3.0451200399201664e-06,4.314490914115358e-08,3.351232035928137e-06,4.1941896683944826e-08,3.0830235528942155e-06,3.960697944241268e-08,3.7903512974049055e-08,5.856787519920881e-08,1.0124472968149534,0.01936364072600647
Standard,2,1,KCl,0.1,53,pos,2.9639572055888247e-06,4.207307232631862e-08,2.9406387624750555e-06,4.1995435181284515e-08,2.986180938123758e-06,3.947767149311329e-08,2.2223732534933158e-08,5.769428014538189e-08,1.007497993727112,0.01954303910289623
Standard,2,1,KCl,0.1,54,neg,3.019112854291423e-06,4.703827523237563e-08,3.350351756487019e-06,3.951781634792817e-08,3.0464287425149745e-06,4.1425004374357835e-08,2.7315888223551657e-08,6.267878687604195e-08,1.0090476539108912,0.020866660346810142
Standard,2,1,KCl,0.1,55,pos,2.9709050099800464e-06,4.3275980356889626e-08,2.9937713373253565e-06,3.579065193046893e-08,2.984205988023958e-06,4.169094635135853e-08,1.330097804391177e-08,6.009114313708595e-08,1.004477079542843,0.020273561872993114
Standard,2,1,KCl,0.1,56,neg,3.003265429141725e-06,3.854711806173672e-08,3.2717123752495025e-06,4.34624498129927e-08,2.9926055289421235e-06,3.989688604853346e-08,-1.0659900199601592e-08,5.547649797198029e-08,0.9964505634113572,0.01844043382841137
Standard,2,1,KCl,0.1,57,pos,2.8846029540918173e-06,4.503827335118312e-08,2.8857925548902196e-06,4.4521571893403235e-08,2.9370935728542935e-06,3.9602216390111025e-08,5.249061876247617e-08,5.997317408195993e-08,1.0181968262522987,0.02100498927593746
Standard,2,1,KCl,0.1,58,neg,2.977638662674657e-06,3.772486815892117e-08,3.2593628942115773e-06,4.20788713989192e-08,2.9701910978043986e-06,4.112475238335681e-08,-7.4475648702584665e-09,5.5806907602915926e-08,0.9974988352469978,0.01872059493104965
Standard,2,1,KCl,0.1,59,pos,2.9370933732534985e-06,3.9888197798326236e-08,2.9011401796407205e-06,3.797685235729344e-08,2.9421378642714595e-06,4.23850716647918e-08,5.044491017960999e-09,5.8202771614657106e-08,1.0017175112864638,0.019832445403690828
Standard,2,1,KCl,0.1,60,neg,2.935166267465072e-06,3.8294356736212615e-08,3.204802594810381e-06,4.036112197218377e-08,2.9358563473053917e-06,4.4490659015473537e-08,6.900798403197449e-10,5.8701588542998133e-08,1.0002351075807763,0.020001409441930025
Standard,2,1,KCl,0.1,61,pos,2.9849198403193657e-06,3.837621306453326e-08,2.9374266666666717e-06,3.7731293403045063e-08,2.9681210379241553e-06,4.378703403201175e-08,-1.679880239521042e-08,5.8224033512760076e-08,0.9943721093718172,0.01945844793487468
Standard,2,1,KCl,0.1,62,neg,3.028630459081842e-06,4.380785618115573e-08,3.3612254491017943e-06,3.695519840628513e-08,3.0782885628742596e-06,4.2204854208142306e-08,4.965810379241741e-08,6.083073221587401e-08,1.016396224122857,0.020256692289062482
Standard,2,1,KCl,0.1,63,pos,3.0860218163672702e-06,4.125692762305758e-08,3.063179700598808e-06,4.2334610092809145e-08,3.051282894211581e-06,3.855099532057231e-08,-3.4738922155689115e-08,5.646515135108556e-08,0.9887431378574691,0.01818739912331481
Standard,2,1,KCl,0.1,64,neg,3.0073582435129797e-06,4.1632132793175245e-08,3.2746387025948106e-06,4.30018189535439e-08,3.020183632734534e-06,4.222217658502279e-08,1.2825389221554377e-08,5.929541868041261e-08,1.004264669581424,0.019758275126880723
Standard,2,1,KCl,0.1,65,pos,2.9309071457085873e-06,3.876566608787636e-08,2.924458862275448e-06,3.949849172440615e-08,2.9514653093812414e-06,4.018373186942806e-08,2.055816367265409e-08,5.583465925561663e-08,1.007014266454246,0.01911482882389379
Standard,2,1,KCl,0.1,66,neg,3.0192556287425214e-06,4.066341453264702e-08,3.302692894211571e-06,3.951465678715674e-08,2.9748309381237567e-06,3.9623905775657184e-08,-4.4424690618764704e-08,5.6776466871161046e-08,0.9852862108806378,0.018663375366576366
Standard,2,1,KCl,0.1,67,pos,2.925481796407195e-06,4.202158792295295e-08,2.8711587025948086e-06,3.919042719483124e-08,2.9028059081836365e-06,4.056446600441769e-08,-2.2675888223558254e-08,5.8406247557859965e-08,0.9922488363279489,0.01988470555243344
Standard,2,1,KCl,0.1,68,neg,3.020564431137728e-06,3.54782040346711e-08,3.2838240518962078e-06,4.540231264758768e-08,2.981826686626751e-06,4.2603409612372596e-08,-3.8737744510977136e-08,5.544144182942354e-08,0.9871753291829679,0.01825863648837253
Standard,2,1,KCl,0.1,69,pos,2.9633618363273506e-06,3.7049271823089265e-08,2.96583672654691e-06,3.70214374823976e-08,3.0001960479041965e-06,3.726612718206312e-08,3.683421157684587e-08,5.2549146308678125e-08,1.0124298731006458,0.017842856000275874
Standard,2,1,KCl,0.1,70,neg,2.931430538922159e-06,3.5228533553200564e-08,3.2124640319361275e-06,3.597933537617082e-08,2.938306846307388e-06,3.7085341967337054e-08,6.8763073852293305e-09,5.1150485482967894e-08,1.0023457173192163,0.017468411180129227
Standard,2,1,KCl,0.1,71,pos,2.915178862275447e-06,3.9228640716993807e-08,2.9085880838323336e-06,4.1777993000154524e-08,2.892098243512976e-06,4.150744967001212e-08,-2.308061876247072e-08,5.711177313489377e-08,0.9920826062986561,0.01951814556963422
Standard,2,1,KCl,0.1,72,neg,2.9373553093812423e-06,3.664355173497908e-08,3.2193168862275455e-06,3.7675354823611525e-08,3.0015285229540936e-06,4.6041171681593556e-08,6.417321357285122e-08,5.884334604327035e-08,1.0218472764829971,0.02020361174577625
Standard,2,1,KCl,0.1,73,pos,2.9281944311377276e-06,4.172040192910125e-08,2.94087670658683e-06,4.053603357670477e-08,2.9305740718562885e-06,4.1016340984866255e-08,2.3796407185609354e-09,5.8505830178817006e-08,1.000812664860385,0.019988431016239636
Standard,2,1,KCl,0.1,74,neg,3.0484751097804447e-06,3.9320728460163636e-08,3.282824371257483e-06,3.96400269154032e-08,2.9768772654690714e-06,3.99853514165799e-08,-7.159784431137322e-08,5.607983607808881e-08,0.9765135545697371,0.018184903630205695
Standard,2,1,KCl,0.1,75,pos,2.9282660279441166e-06,3.809226647485301e-08,2.962100898203599e-06,4.131946379845235e-08,2.9298599600798406e-06,3.954255978560824e-08,1.5939321357240322e-09,5.490569004747698e-08,1.000544326273813,0.018755152961678054
Standard,2,1,KCl,0.1,76,neg,2.930526327345314e-06,3.8178689376203434e-08,3.217793892215571e-06,3.801676139573656e-08,2.966265069860288e-06,3.8440919789270294e-08,3.5738742514973655e-08,5.4178562519964864e-08,1.0121953323474655,0.01859995748758237
Standard,2,1,KCl,0.1,77,pos,2.954653592814375e-06,4.599773665590362e-08,2.9543205189620786e-06,4.150712423343897e-08,2.918629441117766e-06,3.971642291655969e-08,-3.6024151696609e-08,6.077158897669936e-08,0.9878076564426305,0.020424803735004927
Standard,2,1,KCl,0.1,78,neg,3.012141057884235e-06,3.839912554054636e-08,3.2561980239521006e-06,4.1869324120260494e-08,3.0492128143712627e-06,4.2994948259806934e-08,3.70717564870275e-08,5.764597486505121e-08,1.0123074437002186,0.019242741450136
Standard,2,1,KCl,0.1,79,pos,2.939258822355294e-06,3.9433325890804295e-08,2.939948862275452e-06,3.738623387428847e-08,2.9062797604790427e-06,4.4089340370916324e-08,-3.297906187625146e-08,5.915113798696428e-08,0.9887798033894053,0.020024470374086487
Standard,2,1,KCl,0.1,80,neg,2.927766007984038e-06,4.407301435155001e-08,3.186148243512973e-06,4.3524950611213553e-08,2.9778292614770518e-06,4.421584146494888e-08,5.0063253493013576e-08,6.242973034128392e-08,1.01709947221072,0.021505825037095583
Standard,2,1,KCl,0.1,81,pos,2.9704292215568924e-06,4.379108972830904e-08,2.9767820758483093e-06,3.941156932275385e-08,2.961244391217567e-06,4.110488661313445e-08,-9.184830339325294e-09,6.006056312649302e-08,0.9969079113978985,0.02018627736866305
Standard,2,1,KCl,0.1,82,neg,2.886982035928146e-06,4.123134927026655e-08,3.168826367265473e-06,3.696612808473246e-08,2.9212701596806407e-06,3.881042117749374e-08,3.42881237524948e-08,5.662396095842435e-08,1.011876805371763,0.019737402842683084
Standard,2,1,KCl,0.1,83,pos,2.905994371257489e-06,3.932913388639383e-08,2.911276606786429e-06,4.259919564572875e-08,2.9130374051896278e-06,3.9479763155995445e-08,7.043033932138827e-09,5.5726407304862086e-08,1.0024236227027141,0.01919952787056069
Standard,2,1,KCl,0.1,84,neg,2.991272954091826e-06,3.882078695822496e-08,3.2854175449101784e-06,3.7744108697391155e-08,3.0307723952095875e-06,4.170386452418404e-08,3.9499441117761495e-08,5.697601088447124e-08,1.01320489361017,0.01916458911486516
Standard,2,1,KCl,0.1,85,pos,3.04202698602795e-06,4.003395767467673e-08,3.0585636926147755e-06,3.9939561286240055e-08,3.016733433133738e-06,4.042342174272267e-08,-2.5293552894212157e-08,5.6892625115104606e-08,0.9916852963466841,0.01862537253489605
Standard,2,1,KCl,0.1,86,neg,2.9709287425149775e-06,4.067777783772812e-08,3.2337358483033997e-06,3.85974327530853e-08,2.985633792415176e-06,4.251038131079069e-08,1.4705049900198708e-08,5.883718321779508e-08,1.004949647458643,0.019851220600377785
Standard,2,1,KCl,0.1,87,pos,2.978947425149705e-06,4.194497667607985e-08,3.052805449101803e-06,4.355943897306188e-08,3.010998722554895e-06,4.239640531890489e-08,3.205129740518998e-08,5.963921740198936e-08,1.010759269242081,0.020127068378753887
Standard,2,1,KCl,0.1,88,neg,2.9801371057884317e-06,4.008702395297993e-08,3.188123233532936e-06,4.334770768014566e-08,3.0060020958083923e-06,4.310750011075577e-08,2.586499001996064e-08,5.8866170719740175e-08,1.0086791275373612,0.019832526694487977
Standard,2,1,KCl,0.1,89,pos,2.967644850299408e-06,4.236363113128467e-08,3.0056448702594907e-06,4.4282971479262115e-08,2.9779004391217626e-06,4.068821544632782e-08,1.0255588822354613e-08,5.873847222080551e-08,1.0034558005892518,0.01982856778533761
Standard,2,1,KCl,0.1,90,neg,2.9969834930139773e-06,3.762559108870522e-08,3.237828423153696e-06,4.0070140754788716e-08,3.023491237524956e-06,4.145031801163243e-08,2.650774451097878e-08,5.598047845490349e-08,1.0088448083123476,0.018753754995069247
Standard,2,1,KCl,0.1,91,pos,2.8707542514970024e-06,4.080115658763391e-08,2.8844363073852297e-06,4.358439236397959e-08,2.8758463273453066e-06,3.951752763628604e-08,5.092075848304249e-09,5.680113880348926e-08,1.0017737762978662,0.01980425426927559
Standard,2,1,KCl,0.1,92,neg,2.940829021956092e-06,4.10816703657666e-08,3.1869572654690636e-06,4.058898641635917e-08,2.9942950299401277e-06,4.236230542651204e-08,5.3466007984035904e-08,5.901074953845779e-08,1.0181805904338066,0.020243654874727297
Standard,2,1,KCl,0.1,93,pos,2.924316107784436e-06,4.323557454944201e-08,2.959816966067869e-06,3.8901391167628456e-08,2.9453499800399224e-06,3.920549679062352e-08,2.1033872255486247e-08,5.836425177469466e-08,1.0071927491694537,0.02003716233152048
Standard,2,1,KCl,0.1,94,neg,2.948585988023959e-06,3.853663912787234e-08,3.196236846307385e-06,3.702224660976601e-08,2.9352849301397234e-06,3.8718609926560026e-08,-1.3301057884235762e-08,5.462786202952642e-08,0.9954890045810909,0.018485256640528292
Standard,2,1,KCl,0.1,95,pos,2.940805309381238e-06,4.2148812511790815e-08,3.017756646706595e-06,3.907924220264425e-08,2.984110778443121e-06,4.256322369831512e-08,4.330546906188286e-08,5.9901172006455e-08,1.0147257177902045,0.020518023537953158
Standard,2,1,KCl,0.1,96,neg,2.9027103193612774e-06,3.9225023909461154e-08,3.109030339321365e-06,4.2831883452454416e-08,2.9112524351297446e-06,4.428550201655481e-08,8.542115768467245e-09,5.9159176714657543e-08,1.0029428068352155,0.020407057293684167
Standard,2,1,KCl,0.1,97,pos,2.9877037325349375e-06,4.1368869211525765e-08,2.9868949500998087e-06,4.187521819701368e-08,2.9192474650698536e-06,5.2238902478529064e-08,-6.84562674650839e-08,6.663547307554434e-08,0.9770873307417929,0.02210767809122704
Standard,2,1,KCl,0.1,98,neg,2.881223992015971e-06,4.079156627578722e-08,3.120642495009983e-06,5.154598465023714e-08,2.932572574850305e-06,4.1838767911554084e-08,5.1348582834333896e-08,5.8433161642930366e-08,1.0178217948263042,0.020457609839086077
Standard,2,1,KCl,0.1,99,pos,2.825854770459081e-06,4.014898426358013e-08,2.8491968662674655e-06,4.3493889892260516e-08,2.8111980439121766e-06,4.131464419508013e-08,-1.4656726546904169e-08,5.7609380853844216e-08,0.9948133475576584,0.020335245189547154
Standard,2,1,KCl,0.1,100,neg,2.8675659481037925e-06,4.039839005887866e-08,3.0534956686626826e-06,3.972451850686163e-08,2.8512190219560874e-06,3.774660314308439e-08,-1.6346926147705106e-08,5.528866039425095e-08,0.9942993722050177,0.019222090273439504
