A1_first [A],A1_first [A],A2_first [A],A2_first [A],Rat_first,Rat_first,A1_last [A],A1_last [A],A2_last [A],A2_last [A],Rat_last,Rat_last
mean,std,mean,std,mean,std,mean,std,mean,std,mean,std
1.6695769600000002e-05,1.112212359926306e-06,1.792363626666667e-05,4.551691920002672e-07,1.0774145146929366,0.08997636890739467,-1.8424373333333132e-07,4.024325170973856e-08,-1.5621857066666663e-05,1.799387240528888e-06,89.66098747516678,33.50028308038746
2.455588176733781e-05,4.630364351688745e-07,2.1416681767337812e-05,4.0387822279028137e-07,0.8721610994690826,0.0005907591416162993,-1.7179311565995527e-05,1.50754305591678e-06,-1.5422944899328858e-05,1.5259484189482855e-06,0.8975742819643039,0.03348650602570062
1.677933531111111e-05,8.632153482550269e-07,2.233053531111111e-05,9.577319101692188e-07,1.3317330712377793,0.04710018499245138,-2.477146888888886e-07,8.119168472438656e-08,-1.5466764688888888e-05,1.721441221091325e-06,65.45259709431136,14.821025547359381
2.4850903266219238e-05,1.0065227488166854e-06,2.3623036599552572e-05,1.3702741107812851e-06,0.9501939476320261,0.01967189022469426,-1.737700673378076e-05,1.0253378557250311e-06,-1.6105436733780758e-05,1.2307911083075173e-06,0.9262013543046219,0.016552886714060862
2.510335635346756e-05,1.237622114128659e-06,2.417352302013423e-05,1.1726729009249515e-06,0.9630040354626018,0.007967522381995013,-1.7951036979865772e-05,1.8635988832003963e-06,-1.6464896979865773e-05,1.4735876982308089e-06,0.9180804611213059,0.012562237318703408
2.5334550377777778e-05,1.0723654953687018e-06,2.4678883711111117e-05,9.529664596544113e-07,0.9742298464326247,0.006979527371984366,-1.8200676288888885e-05,1.5613058325763436e-06,-1.644432962222222e-05,1.373048301219839e-06,0.9037015403282963,0.015330602514769665
2.6280427266666667e-05,1.3311175418205605e-06,2.5612893933333334e-05,1.0931279854538607e-06,0.9748552309652377,0.007572880107411493,-1.8836306066666664e-05,1.6748695770464501e-06,-1.7425632733333332e-05,1.5973990634673672e-06,0.9249950526429743,0.009650244298374643
2.8620153866666665e-05,9.112335196933473e-07,2.7563120533333335e-05,6.137467358659066e-07,0.963348778358247,0.01811139194259606,-2.1169612799999997e-05,1.5912667663759965e-06,-1.9822512799999998e-05,1.5345959418555038e-06,0.936347665051953,0.015547325264210559
2.8751707844444445e-05,1.4466832314395236e-06,2.7996707844444447e-05,1.2333097827641046e-06,0.9739898917469514,0.013280026278230075,-2.1451292155555558e-05,1.6919147005848098e-06,-2.0136025488888888e-05,1.4603975192321546e-06,0.9392239559399326,0.027781295524542844
2.0781762599999997e-05,1.0483319511934866e-06,2.8987329266666665e-05,1.9486224678029497e-06,1.3953495659645327,0.07995609846660112,-7.105271733333334e-06,1.3384837469251066e-06,-1.1090834066666667e-05,1.8704868556985735e-06,1.5659183240955796,0.10531879037589123
1.704512217777778e-05,9.92425901852181e-07,1.8499488844444447e-05,9.77162224876146e-07,1.0857585104609255,0.02765630532789173,-5.235087822222222e-06,1.6440704390034903e-06,-6.2761851555555534e-06,1.6761878139073719e-06,1.2107471297694061,0.0568489666560823
1.6489547852348994e-05,8.503593658877375e-07,1.7463114519015665e-05,9.76571775457672e-07,1.0588901133354933,0.005323077162253913,-4.825065480984339e-06,8.584581829967671e-07,-5.524432147651005e-06,9.967674149236938e-07,1.144952752029182,0.04686155738573918
1.6023598210290825e-05,8.806865664881603e-07,1.6865998210290825e-05,1.1348433357404835e-06,1.0526173183938123,0.04052221222704665,-5.140055123042508e-06,2.638397579159229e-07,-4.838058456375841e-06,1.2061906245860287e-06,0.9352948187859406,0.18905046803745817
1.623270944071588e-05,8.015904663908509e-07,1.6490976107382547e-05,7.22587890238735e-07,1.0161125784867957,0.009735114490383164,-5.507093892617452e-06,1.2773685347983273e-06,-4.5573938926174515e-06,7.760207134518005e-07,0.8498478287175448,0.19235100547937303
1.5756651208053688e-05,6.620960379287218e-07,1.624148454138702e-05,6.157109308472977e-07,1.030918757190596,0.0114550044780132,-7.298406791946312e-06,6.576763713097156e-07,-4.2943354586129785e-06,5.747474074555978e-07,0.5869583427362107,0.027898407847915946
1.644186451901566e-05,7.554709155348385e-07,1.6918697852348993e-05,8.819442940411578e-07,1.0288801822078175,0.01519043513193907,-7.0304414809843406e-06,3.3030297353092006e-07,-4.18133748098434e-06,6.186639990303946e-07,0.5929675758875316,0.06049954900728621
7.86588513333333e-06,4.2165264529804403e-07,9.908351799999999e-06,1.3963042225881548e-07,1.2623779281484548,0.07719000858338303,-5.86031533333335e-07,3.5514407546821853e-07,-7.818063200000001e-06,5.876684708188608e-07,20.047151480286388,16.831234938913134
1.2293319172259508e-05,5.676718946007852e-07,1.0727685838926174e-05,4.154275853869196e-07,0.8729811174269414,0.02079696894061675,-8.608057494407159e-06,7.949644486577437e-07,-7.900747261073824e-06,3.4082963631798487e-07,0.920605083834296,0.046394654721833684
8.0721482e-06,7.022668239574106e-07,1.1799414866666669e-05,6.397848707999936e-07,1.4667851575925654,0.10677660254630354,-3.7582846666666686e-07,1.620883127019494e-07,-7.866143466666668e-06,9.234965085433528e-07,25.303787268298038,15.448131818639245
1.2494263870246087e-05,4.26805870693357e-07,1.2021397203579422e-05,7.327341673828669e-07,0.9616008501969827,0.028291187965355544,-8.506447129753913e-06,7.963439505489303e-07,-7.90245479642058e-06,7.196393485318043e-07,0.9297779814495688,0.040124814748524994
1.2775234608501118e-05,6.153962580121624e-07,1.2103667941834454e-05,2.7916218535302597e-07,0.9483338364200801,0.031441814173490165,-8.952668724832214e-06,3.2288854331142036e-07,-8.173835058165546e-06,1.7370752220739522e-07,0.9135389645261925,0.027772101725204036
1.3230928622222221e-05,4.060642592540724e-07,1.2773961955555556e-05,6.331533561426243e-07,0.9651555143969194,0.022370986682195563,-9.073122377777778e-06,7.328781051218305e-07,-8.28634107777778e-06,9.449763612649694e-07,0.9118078454186564,0.03273206246539046
1.316350131111111e-05,3.150776323025876e-07,1.3219134644444443e-05,2.057944505721519e-07,1.0043641749836116,0.009153086671061288,-9.466385355555556e-06,7.311904712469226e-07,-8.67960068888889e-06,8.143197557436173e-07,0.9174420688793332,0.06169251274308741
1.4306914266666667e-05,5.313960698521362e-07,1.39691476e-05,4.6261080485396294e-07,0.9768735751324695,0.034370924658268076,-1.0285959066666666e-05,8.253973791798511e-07,-9.872699066666667e-06,7.754260737854386e-07,0.9604878203149129,0.04009503831117529
1.4653567644444445e-05,4.4038683594462644e-07,1.4311867644444444e-05,5.241233285592095e-07,0.9765630448647326,0.008056868045399445,-1.0126059022222222e-05,6.903511907907557e-07,-9.756512355555556e-06,7.084011899378242e-07,0.9633248183719484,0.010917814167344341
9.662377577777775e-06,4.844245265365294e-07,1.4371144244444443e-05,1.0129783725305192e-06,1.4863045400918946,0.032046254410428035,-2.902296622222224e-06,5.253285243262991e-07,-4.952692422222224e-06,4.1836952036703797e-07,1.7467279188493017,0.3677166838742458
7.714052400000001e-06,5.829543036128318e-07,8.1829524e-06,1.3505686711181087e-07,1.0639366687170353,0.06256348570737394,-2.2041275999999995e-06,3.0991766748507715e-07,-2.506122933333333e-06,7.129506300587229e-07,1.161490072237206,0.38464394910042815
7.350773131991051e-06,3.894839987893973e-07,8.062039798657718e-06,6.887932045230244e-07,1.0955099495013616,0.03541731942030171,-2.742265534675616e-06,4.0878632652996317e-07,-2.213773201342283e-06,2.7367830089100944e-07,0.8110865314429271,0.06084453475574061
7.107980134228188e-06,3.969557898018912e-07,7.4377968008948535e-06,7.224557783879547e-07,1.0449256297204685,0.049625465860256554,-3.87915653243848e-06,2.4602966366953283e-07,-2.440695199105146e-06,2.4740796388437875e-08,0.631024897818742,0.0438400178766687
7.818964093959734e-06,5.4225152186067416e-08,7.3222640939597335e-06,1.067487298797743e-07,0.9365244441578495,0.016781981985472462,-4.268839239373599e-06,5.932194111577474e-07,-2.929720172706933e-06,2.623224700352039e-07,0.6919872991777801,0.07503814649844139
8.099332572706933e-06,4.391888478195896e-07,7.229132572706933e-06,2.834331681972518e-07,0.8948639839154926,0.07138115854067342,-4.640150760626401e-06,5.262214022194416e-07,-3.6546847606264013e-06,4.6335337335491277e-07,0.7905092056504243,0.09250354825817068
9.475435324384787e-06,2.5018782496403195e-06,8.81976865771812e-06,2.2058541761127068e-06,0.932832401044759,0.023537196347853444,-5.8787246756152136e-06,2.1962711060668475e-06,-5.064128008948546e-06,2.807993430571855e-06,0.8268845609073487,0.14129494509000012
-7.957271e-06,3.7990962495415316e-07,-6.0737648e-06,2.8244028195577556e-07,0.7635200792679332,0.02127378732650556,1.0619531866666665e-05,3.6104403569175866e-07,1.1922831866666666e-05,3.0228087246012944e-07,1.1233536387129333,0.03825539971601386
-8.98203342281879e-06,2.7638676894959824e-07,-7.4203894228187896e-06,7.275866445551685e-07,0.8250134485909175,0.05551026159047865,1.2074303243847877e-05,6.237436591189645e-07,1.1820003243847877e-05,5.184356413843061e-07,0.9792793105567682,0.01811290203209516
-8.131211955555555e-06,2.2594252221853316e-07,-7.972267288888889e-06,4.747765236563237e-07,0.9799015069809295,0.03213438078846208,1.0838986711111111e-05,3.909989702417611e-07,1.2050920044444445e-05,6.168225645183596e-07,1.1116065447932963,0.029584344312838243
-9.377744630872486e-06,1.379766809388498e-06,-8.332673964205817e-06,2.911104882612206e-07,0.8980124463496756,0.09724623386555742,1.1960705369127515e-05,6.812602645001126e-07,1.1801772035794184e-05,5.117410648570587e-07,0.9880840579815451,0.05363308656820221
-9.206793959731542e-06,1.2602386917362206e-06,-8.439884626398208e-06,5.633376560023237e-07,0.9225574329792493,0.06476323690480063,1.1837626040268457e-05,7.417380534765601e-07,1.1762092706935126e-05,5.622455131466096e-07,0.9942415094932472,0.017000494476157455
-9.260146911111112e-06,9.508070988107702e-07,-8.723708911111113e-06,4.940746416812091e-07,0.9449199989895293,0.04218915227921119,1.2006763088888886e-05,6.493122217307617e-07,1.1959096422222222e-05,4.368646692131516e-07,0.9971134683698151,0.04139310359330883
-5.759848177777776e-06,2.989648336992437e-06,-6.58239151111111e-06,5.057633887033396e-06,1.702988272431486,1.9791284825082314,1.0762565155555556e-05,6.362373932509534e-07,1.1604965155555559e-05,1.4195126029700354e-06,1.0788854308361866,0.12684815865756432
-2.8740815111111118e-06,1.1217947909190703e-06,-3.0727635111111124e-06,8.960974148748715e-07,1.0959998967214724,0.11098630169267208,5.62158182222222e-06,7.080262084915637e-07,6.130195155555555e-06,4.353004440437867e-07,1.0955709486230347,0.06071556772598293
-1.0871092888888863e-06,5.865990873843892e-07,-9.71875955555553e-07,1.3842678556702624e-07,1.0556094352598564,0.4658449635720028,3.879920711111114e-06,5.066230696795475e-07,4.019020711111114e-06,4.180289549519211e-07,1.0381166327384863,0.02688887102351976
-7.514262977777778e-06,4.5945059885570296e-07,-7.510290677777778e-06,2.3719319211051105e-07,1.0026763207597276,0.08302928702539032,9.755204355555555e-06,1.9063103936411177e-07,9.707504355555555e-06,3.5266625614364463e-07,0.9953096929911668,0.0386352879029261
-8.122550288888888e-06,4.426368602551549e-07,-7.848366955555557e-06,6.170520594336941e-07,0.9666115095636506,0.061474422418728206,1.0998606044444444e-05,1.1411893825900481e-07,1.0871472711111111e-05,2.686504345560242e-07,0.9884108350843963,0.02019783030599407
-8.337341492617446e-06,7.355376770606962e-07,-7.626059092617448e-06,4.231068417374517e-07,0.9164757512014289,0.032727582133769466,1.0883182774049221e-05,4.555148769961173e-07,1.1065982774049222e-05,1.919835981101257e-07,1.0177269519834307,0.03624817234386289
-8.942427800894856e-06,1.1988425439023013e-06,-9.284163467561522e-06,6.249543185916356e-07,1.044922541134901,0.08514622301018969,1.1287393199105146e-05,1.2072683740837807e-07,1.1374826532438478e-05,5.133466879367174e-07,1.007976068229765,0.051596655936958946
-9.187167451901565e-06,7.47900034581508e-07,-8.746096451901566e-06,1.199175789470148e-06,0.9512185665228291,0.0885420276084515,1.1483735548098434e-05,4.4708487525752926e-07,1.1388335548098435e-05,3.5607561485746497e-07,0.9919120877925859,0.011313013194801293
-8.95042944966443e-06,5.668641366338781e-07,-8.823272782997764e-06,6.620430159821276e-07,0.9859256250785234,0.04255907189931674,1.1422425883668902e-05,4.1287112016881e-07,1.1549592550335568e-05,1.372384461679211e-07,1.0117671976764797,0.02682970452091927
-8.827807742729306e-06,8.846484728899047e-07,-9.157621409395975e-06,4.317687015804031e-07,1.041315347704402,0.06434353082637749,1.1612595257270692e-05,2.2375287313465348e-07,1.1286795257270694e-05,1.8943891029209595e-07,0.9719949330939514,0.008077405159331367
-1.529563888888889e-05,1.7065994775639755e-06,-1.1584255555555556e-05,9.331053653422684e-07,0.7596170112269531,0.04086369036508636,2.0975797777777777e-05,8.232682410462728e-07,2.4774564444444445e-05,1.423445769181204e-06,1.180608402779902,0.02524757635659398
-1.896957413870246e-05,1.9707123727887914e-06,-1.3700520805369128e-05,8.467617995456365e-07,0.7243062032400389,0.030706284008275388,2.4668995861297538e-05,1.2123887120871685e-06,2.512592919463087e-05,1.086304957268073e-06,1.0187166909623653,0.006333513439866804
-1.5438019888888886e-05,1.142244374317927e-06,-1.5294986555555554e-05,1.5195931461229483e-06,0.9896661891932346,0.03071214729955208,2.1361893444444446e-05,7.283223022329076e-07,2.4858660111111112e-05,1.675752508908843e-06,1.162845966734378,0.03923948904073154
-1.876383400447427e-05,2.2897315039662997e-06,-1.6506790671140937e-05,1.0906241370249326e-06,0.8834993050663617,0.046582448919159504,2.4755539328859065e-05,1.0184787486926574e-06,2.4743572662192396e-05,1.2752039105423472e-06,0.9992434768657068,0.011267140386196528
-1.8941536577181203e-05,1.742166406110551e-06,-1.710174324384787e-05,1.51705913309538e-06,0.9030509542336903,0.005364439215599113,2.4796363422818797e-05,1.6430095772787843e-06,2.514999675615213e-05,1.4765017802817662e-06,1.0145912866151825,0.007771625185214518
-1.894563402222222e-05,1.8184720887575465e-06,-1.7817120688888888e-05,2.128681355891591e-06,0.9392413913743681,0.028576358845982835,2.5014799311111112e-05,1.3680547890219075e-06,2.5030699311111113e-05,1.357015134958257e-06,1.000652489423885,0.0011301448335702905
-1.7163760755555554e-05,1.8515179303275487e-06,-1.3396740755555555e-05,3.2803494294134417e-06,0.7793348798405164,0.16296978986062835,2.3403189244444445e-05,1.4393074752061801e-06,2.4257522577777775e-05,1.0506929335125888e-06,1.0374998737274346,0.030765822318477437
-7.75988793333333e-06,2.3472075247714547e-06,-7.10423793333333e-06,2.9368715201012346e-06,0.8970833478687643,0.09901069941307504,1.3042088733333337e-05,2.194619571255514e-06,1.390042206666667e-05,2.401359167662709e-06,1.0654548526442131,0.016958086274246244
-4.602538577777775e-06,2.3269081989346445e-06,-3.1481835777777755e-06,1.299183060023902e-06,0.702931973341591,0.06602947000217614,9.098606422222224e-06,9.82930087428602e-07,9.468106422222224e-06,7.426611732899463e-07,1.0427513394781267,0.031470172664112527
-1.319758111111111e-05,1.058094424378577e-06,-1.2700874444444443e-05,3.159733863464568e-07,0.9651941526426558,0.05329164631903974,1.8686902222222225e-05,6.654084284914521e-07,1.888956888888889e-05,5.544991700892679e-07,1.0110125798302843,0.009403243364099693
-1.6356807e-05,9.743328868948683e-07,-1.6221697e-05,1.1428363155332265e-06,0.9915884292863887,0.029427194433017324,2.1694836333333333e-05,5.334599327224243e-07,2.210803633333333e-05,6.620036859868834e-07,1.0189575207573112,0.0057074980305432685
-1.636384621923937e-05,1.0884561691351138e-06,-1.6566522885906035e-05,1.2381595691959893e-06,1.0120445025981433,0.012423036745539998,2.1973827114093963e-05,6.586184551208936e-07,2.20930604474273e-05,8.590653156060262e-07,1.005249385155644,0.008847869082202415
-1.7314100178970917e-05,1.3667416433808476e-06,-1.7461110178970915e-05,1.3942588750270345e-06,1.008444328239973,0.000883818602820568,2.2736273154362418e-05,9.050665108026234e-07,2.2791873154362418e-05,7.54996626169131e-07,1.0026278470604537,0.007800491679751172
-1.7264169105145413e-05,1.5525039661815034e-06,-1.750655577181208e-05,1.4591876854549402e-06,1.0145103133583493,0.018953447865415713,2.3219300894854584e-05,8.759202209794653e-07,2.3449767561521255e-05,8.089339366534847e-07,1.0100253955403546,0.008038131296536374
-1.780632357941834e-05,1.431197139600803e-06,-1.798513357941834e-05,1.5664258512599563e-06,1.0097236080663434,0.013484343456798829,2.3459946420581655e-05,7.809831037324878e-07,2.363477975391499e-05,9.049472229374524e-07,1.0073478884731761,0.006248358590442841
-1.7489362684563756e-05,1.3303648849026355e-06,-1.7878762684563756e-05,2.0507515796437973e-06,1.020595537306429,0.0473659281883517,2.3729210648769575e-05,1.012952449867477e-06,2.3689510648769576e-05,1.2074204877823982e-06,0.9981363331100132,0.01498298138799667
1.4563881333333337e-05,1.216498101929033e-06,1.764741466666667e-05,1.4974686436061367e-06,1.2125943826860197,0.05971579046175817,-3.372819999999964e-07,1.4180494340562123e-07,-1.2742998666666664e-05,1.2222601143620245e-06,42.49622595614213,17.35911576810949
2.219132796420582e-05,1.8408072579059572e-06,2.0232361297539154e-05,1.967683195951966e-06,0.9110370183225961,0.01292298315368214,-1.4505238702460846e-05,1.1571609068412447e-06,-1.2796568702460847e-05,1.4639972744843126e-06,0.880544148861627,0.03431587310477676
1.4575571377777783e-05,9.953451610454842e-07,2.1092304711111114e-05,2.0934429380677036e-06,1.4451371252247165,0.043530726566827556,-4.289386222222199e-07,1.77506568008066e-07,-1.2647895288888887e-05,9.401052930239021e-07,32.050812389126534,9.320957276831866
2.2672998836689038e-05,1.2713876312012668e-06,2.2072998836689037e-05,1.3007971850822437e-06,0.973436781242126,0.0029813077768485585,-1.4754751163310962e-05,6.807548984424942e-07,-1.3224897829977627e-05,6.974415412410953e-07,0.8962572224977704,0.020010035460788597
2.3440453221476512e-05,1.6825814017527806e-06,2.2939753221476515e-05,1.4553023036402892e-06,0.9790497264898715,0.01370715144528319,-1.5084030111856822e-05,8.186570760375061e-07,-1.3744910111856823e-05,7.959261666876452e-07,0.9111969948532735,0.015495120629105668
2.3834883666666668e-05,1.7310112768822378e-06,2.3179250333333333e-05,1.671641775411273e-06,0.972599206844754,0.01470684049349173,-1.560352633333333e-05,9.455991692604938e-07,-1.4204792999999999e-05,1.0837905510116482e-06,0.9097783013601367,0.01569606839417587
2.4234083866666665e-05,9.518039678374426e-07,2.4075150533333332e-05,1.0996283794769466e-06,0.9932906087539838,0.00874982461407804,-1.6134149466666666e-05,7.812453208455682e-07,-1.4663909466666666e-05,7.717374114211994e-07,0.9087487481871165,0.004162664514554931
2.598477195555556e-05,1.8603810920924312e-06,2.5869538622222225e-05,1.2341206125026492e-06,0.996693939471396,0.024308521645879308,-1.814249471111111e-05,9.700320260621017e-07,-1.6882868044444442e-05,8.003034501356567e-07,0.9309872389836249,0.026265152644107035
2.6283146688888892e-05,1.7412209871663509e-06,2.6171880022222226e-05,1.6375550822877247e-06,0.9959435235914986,0.007757114395129819,-1.846005331111111e-05,9.889776475609644e-07,-1.6977869977777776e-05,1.251296715765821e-06,0.9190694379187359,0.02237406599071832
1.8080615488888893e-05,2.2457059690884195e-06,2.7601448822222225e-05,2.7939255874564315e-06,1.5303091792641978,0.08018597435438644,-6.182457844444444e-06,7.225041143386092e-07,-8.654064511111109e-06,1.7752652805322717e-06,1.4250185840851832,0.3852087262441261
1.4741023911111113e-05,1.5754071489528855e-06,1.6326490577777778e-05,1.5985332302279409e-06,1.108326595786543,0.01514881656750455,-3.5019694222222194e-06,2.940135932066941e-07,-4.213253422222219e-06,2.7101274662651337e-07,1.2055632853712792,0.06732950615262598
1.4334103199105147e-05,1.1887395496715215e-06,1.5573836532438478e-05,1.0121278269504675e-06,1.087580655522221,0.022431782677180365,-3.050610134228186e-06,4.0366740118357344e-07,-3.551288800894853e-06,6.586213536556347e-08,1.1797335451033,0.1789155446026819
1.3845151722595081e-05,1.6152606683865652e-06,1.4572351722595082e-05,1.200843124300129e-06,1.055316972313651,0.041015241755836346,-4.628308277404919e-06,1.052139842738703e-06,-2.9673249440715847e-06,4.507656735251248e-07,0.6518028553677581,0.10620570621881942
1.3571795950783002e-05,1.4024110903774708e-06,1.4628795950783e-05,1.342411687482231e-06,1.078707113677009,0.012254372543098838,-5.779862715883666e-06,6.122610852335513e-07,-2.9426840492169995e-06,7.402021746663819e-07,0.504276565925377,0.07228463782858269
1.4304539440715888e-05,7.543654573646851e-07,1.4185339440715885e-05,1.4762067387736054e-06,0.9899597710293686,0.05099417219369058,-6.3623892259507806e-06,9.521563819532718e-07,-4.0656235592841144e-06,8.970562551019492e-07,0.637546380225423,0.09916614708232652
1.4255880559284119e-05,1.44773933609091e-06,1.4601580559284118e-05,1.369560441301895e-06,1.0247710126933527,0.008045361257403995,-6.20443044071588e-06,7.865766717950462e-07,-3.7407727740492126e-06,7.875478282502733e-07,0.5990659361792157,0.05201085081467153
6.341304333333338e-06,6.092738146518405e-07,9.397004333333337e-06,1.364602601165288e-06,1.477657110726985,0.07541312788170444,-1.3397789999999963e-06,2.7982505534780824e-07,-6.628697666666664e-06,9.56084606967617e-08,5.103045661915636,1.1213035417758614
1.0789567337807607e-05,6.123285965147406e-07,9.915400671140942e-06,5.674112253284478e-07,0.9192037414479289,0.025959934362925024,-7.544825995525726e-06,2.187693836420164e-07,-6.889175662192392e-06,1.3607278596546588e-07,0.9132656539664176,0.008693809974147955
6.520415044444446e-06,8.324963153558232e-07,1.044634837777778e-05,8.895092551157511e-07,1.6100786568125347,0.12633492234761026,-1.3911449555555535e-06,1.1092969968526727e-06,-6.751590288888888e-06,4.804614483609112e-08,11.296548517007807,13.20623528815406
1.1394451297539149e-05,1.0351234871435302e-06,1.0953384630872482e-05,8.539308413170907e-07,0.9620774035357204,0.015042573565815143,-7.73865870246085e-06,4.0118408520539394e-07,-6.784982035794184e-06,2.3366506360516813e-07,0.8785856748079149,0.06122291865464259
1.1318264899328861e-05,7.92474609900651e-07,1.1032164899328859e-05,5.979865168635597e-07,0.9754447347792397,0.015775507625663612,-7.643956100671141e-06,5.536305221609194e-07,-6.821410434004473e-06,5.515235546788618e-07,0.8925497026967154,0.03846063220692712
1.1744875266666675e-05,1.334616020412813e-06,1.1383275266666675e-05,1.0491019687694144e-06,0.9707045725203244,0.01976431539335828,-8.031948733333328e-06,3.1515942644592177e-07,-7.2094067333333275e-06,4.831852548419233e-07,0.896941801115856,0.026180074936804094
1.1856798511111113e-05,8.805052126306744e-07,1.2190598511111113e-05,1.0296867588396944e-06,1.028030735468912,0.03314753151942605,-8.261760155555553e-06,5.177618641383466e-07,-7.65776482222222e-06,3.9524194189328194e-07,0.9274981345583977,0.026195315659537546
1.3111365200000005e-05,1.2689880102465916e-06,1.275769853333334e-05,8.126646386935637e-07,0.975154117066951,0.03775779834603682,-9.113232466666662e-06,9.882478588021965e-08,-8.429764466666661e-06,3.586093296245527e-08,0.9250934926097907,0.012926906425456724
1.2658990800000002e-05,4.735916327211907e-07,1.2730524133333337e-05,1.0432134239503404e-06,1.0048438247310658,0.05337028990855168,-9.10067553333333e-06,4.711999010594749e-07,-8.45694463333333e-06,3.8198144007465623e-07,0.9295417121467583,0.01594500162035153
8.255626511111112e-06,7.206608745500757e-07,1.3624026511111113e-05,1.3364193475854097e-06,1.6492909120659596,0.018555827264309464,-2.087780155555553e-06,1.6503062769932357e-07,-3.542133488888886e-06,1.4375716929349084e-07,1.7051235584779374,0.1708915392581738
6.474973911111115e-06,5.500731301077719e-07,7.154473911111115e-06,7.898784890938804e-07,1.1037001336607475,0.03949245332436609,-2.0206794222222188e-06,3.7150716575189496e-07,-2.1756494222222186e-06,1.6129103257054413e-07,1.0928496474884313,0.14732003911292754
6.359883624161078e-06,5.469943313511643e-07,6.6738169574944105e-06,8.105807248931713e-07,1.047707234887362,0.04904946074628318,-2.6324730425055893e-06,2.3835201876118402e-07,-2.2152397091722555e-06,1.2521799267334125e-07,0.8483559662500181,0.11934947780223681
6.356187494407162e-06,7.560644926836588e-07,6.352220827740496e-06,6.725321562355426e-07,1.0041598182701887,0.10216368106293551,-3.7487978389261712e-06,9.341692136398242e-07,-1.9527125055928383e-06,7.6010541412021e-07,0.5078437644045802,0.1010522043955668
7.089223691275169e-06,5.477357053884982e-07,6.401790357941836e-06,6.386452142938468e-07,0.9020229048684376,0.021426830524998906,-4.18797930872483e-06,3.59452673708023e-07,-3.0435729753914972e-06,5.068635471919218e-07,0.7233277019726777,0.059773506837683996
7.532227114093961e-06,5.388108938612791e-07,6.3202937807606264e-06,7.533242643916476e-07,0.8380746492856281,0.058288978775569496,-3.7529062192393744e-06,1.1260784307005454e-06,-3.5383295525727075e-06,4.1614460582445443e-07,0.9743454500879457,0.1584309982199688
8.635406107382548e-06,2.1022385981799136e-06,7.963839440715882e-06,2.2098510901813888e-06,0.9177713360920569,0.03601869901796584,-5.089570559284117e-06,1.9072980577770337e-06,-4.449813892617451e-06,2.3295506933818457e-06,0.8408423041200527,0.17891512910732557
-6.96238091111111e-06,6.526636898494904e-07,-5.5358399111111104e-06,9.73557584273658e-07,0.8076752982443226,0.2073578816600648,9.822307755555557e-06,5.554945751188241e-07,1.0505741088888888e-05,3.3068820288032827e-07,1.0706213892531513,0.02948244904047863
-7.910669903803127e-06,3.366022562898146e-07,-6.492078903803127e-06,6.81124865520919e-07,0.8192535488443852,0.05145405692509014,1.0550884429530206e-05,6.726376500858329e-07,1.068201776286354e-05,8.128391596404447e-07,1.0120795170427235,0.025097620415371304
-7.46282033333333e-06,7.65688111384614e-07,-7.01777033333333e-06,3.671116561670805e-07,0.9478220714294675,0.11636384348139993,9.405318333333337e-06,4.4688149250348157e-07,1.0744418333333337e-05,7.176639312395037e-07,1.1418486906419696,0.03347975397524986
-7.653449635346752e-06,3.352924750546274e-07,-6.783221968680085e-06,2.990250955496515e-07,0.887196770831741,0.049682355914603,1.0541888031319913e-05,5.405054771807962e-07,1.0597488031319913e-05,6.935141980348112e-07,1.0055027535912346,0.046689174662794285
-7.792445030648767e-06,7.48317069248918e-07,-7.450714597315434e-06,2.2782118837792554e-07,0.9600287717245622,0.06072853293192121,1.0684983736017899e-05,2.9230097549967e-07,1.0597583736017899e-05,2.494287198340624e-07,0.9919459310187042,0.013841304748087356
-7.262310244444439e-06,6.42512528495128e-07,-7.480859244444439e-06,7.482402706843613e-07,1.0317490407485956,0.08814613094510129,1.054754475555556e-05,1.974715641568007e-07,1.0356811422222227e-05,4.737326696419503e-07,0.9815970832602138,0.026745354055978502
-6.593442155555555e-06,3.0177881787643827e-06,-5.039744155555556e-06,3.7570199908995334e-06,1.103819538304666,1.1159344081578855,9.372671177777777e-06,8.144351720988051e-07,1.0060104511111112e-05,7.328134492173517e-07,1.079335135827922,0.13084152083418732
-1.1683589333333328e-06,4.714974579111289e-07,-1.1008055999999995e-06,4.821694791979171e-07,0.9393902934092343,0.09423620896034815,4.092727733333335e-06,4.3690487650668553e-07,4.168261066666668e-06,9.822669196652485e-07,1.0141685424745546,0.17784631958939523
-2.8586401111111082e-06,3.29252723421973e-06,-7.724734444444412e-07,2.0307734828593143e-07,0.6414044582691832,0.6144807096692728,3.2170765555555586e-06,8.890507320833436e-08,2.9786265555555588e-06,2.521382057878393e-08,0.9263615540044045,0.02717435412169446
-6.693630133333331e-06,1.9430989775978193e-07,-6.947943466666663e-06,2.6677610567681227e-07,1.038622030010743,0.05073140666493047,9.089695200000003e-06,5.073218230874237e-07,8.946595200000003e-06,2.381012633889568e-07,0.9855525491357958,0.0393766920376743
-7.493443933333332e-06,3.0734701836135113e-07,-7.366284799999999e-06,1.3641557405021507e-06,0.9793687744609278,0.14465785805007125,9.982649066666667e-06,5.569121027393965e-07,9.887249066666666e-06,6.404298443214665e-07,0.9902501930982116,0.021337185245170705
-7.47589014541387e-06,7.043416805053669e-07,-7.034815812080537e-06,9.337803599041112e-07,0.9446165809046878,0.13557179601954822,9.757831521252796e-06,6.918465746560946e-07,9.98826485458613e-06,6.846405896117378e-07,1.0240842634055862,0.03235476391173442
-7.937098695749438e-06,2.6723750922753827e-07,-7.325158695749437e-06,2.9934808308566767e-07,0.9230262754949896,0.028045516235676186,1.0083352304250561e-05,5.219381157594458e-07,1.0230418970917229e-05,5.683741911207654e-07,1.0145404211136708,0.016099151644224426
-7.574139472035793e-06,2.139108402674873e-07,-7.979447138702459e-06,7.793585268334847e-07,1.052677536088089,0.08256932264868014,1.0271479194630874e-05,5.582268204784017e-07,1.043044586129754e-05,7.25855850059521e-07,1.0156404582947605,0.04977400605083361
-7.675423642058164e-06,8.070696191563319e-07,-7.758871642058164e-06,6.812054997353445e-07,1.0169357367309269,0.12346757574244914,1.0309300357941837e-05,6.198008979948821e-07,1.038873369127517e-05,5.069589464235166e-07,1.0085644320824452,0.03508299096251968
-7.654622639821026e-06,3.266326512859738e-07,-7.797672339821024e-06,8.373174942153398e-07,1.0192435855787645,0.10973039467667554,1.0489057360178977e-05,5.827805792277525e-07,1.0361890693512309e-05,5.628370168397192e-07,0.9879297810759787,0.006477325019884822
-1.3913022066666666e-05,1.2521085652822315e-06,-1.117120873333333e-05,1.4127316486890919e-06,0.801294272055688,0.03205345139476462,1.889339126666667e-05,7.455967855039239e-07,2.1833857933333336e-05,1.3970326082118165e-06,1.1549579195497166,0.030905915969157125
-1.5996596219239372e-05,1.5361533438905572e-06,-1.2869322885906038e-05,1.4936100596869473e-06,0.8035660861706618,0.02255624746715937,2.1506690447427297e-05,1.3534239029794781e-06,2.1907990447427296e-05,1.3648533062072733e-06,1.0187394290088265,0.012538543922142166
-1.3956496355555554e-05,1.1278023303803593e-06,-1.3900863022222221e-05,1.2821985591733668e-06,0.9954401353334067,0.012366150841188289,1.894525031111111e-05,8.54313606849267e-07,2.2072516977777778e-05,1.523712865767553e-06,1.164254686807253,0.02751335798273172
-1.6066802304250554e-05,1.024269876879523e-06,-1.4779342304250554e-05,1.6613422724430644e-06,0.9184060334542381,0.05496802893350105,2.1988787695749444e-05,1.4138913050087954e-06,2.2000721029082776e-05,1.2283277201781259e-06,1.0009062563460753,0.010469833080934873
-1.5948452953020134e-05,1.2447272006727247e-06,-1.5467632953020132e-05,1.3719788506668393e-06,0.9693516908664814,0.01190958125712269,2.18011803803132e-05,1.4393975800526508e-06,2.2130980380313203e-05,1.4595427070799567e-06,1.015144668726812,0.006835716971885614
-1.6060625177777777e-05,1.371547492029676e-06,-1.5504311844444442e-05,1.4453348236709714e-06,0.9654845967042293,0.036949736329222715,2.2193618155555557e-05,1.35016894383013e-06,2.231685148888889e-05,1.5762538694896622e-06,1.0051656687785173,0.009636751820251008
-1.3948878866666662e-05,1.3227188464135552e-06,-8.552684299999998e-06,4.058334865922436e-06,0.6151022717734286,0.27871135455247437,1.9099901133333336e-05,1.0995492330003257e-06,2.028403446666667e-05,1.5383958330887853e-06,1.0612891869980159,0.019892351627787
-5.580556955555555e-06,5.824713904005994e-07,-5.365980288888888e-06,1.04278947938865e-06,0.9559952085714233,0.10663019966045273,1.078685637777778e-05,1.17107394682378e-06,1.1184256377777779e-05,1.2815201198613418e-06,1.0367935958859997,0.03198250143383291
-6.1460357777777785e-06,3.1632663307816343e-06,-1.8386057777777778e-06,5.35257992942394e-07,0.42111584955287545,0.3756624410592842,6.800130888888889e-06,3.670804372217878e-07,7.296797555555554e-06,5.220945074599321e-07,1.0726339687790072,0.03517884016041131
-1.2151268266666666e-05,9.497540668461313e-07,-1.2167164933333334e-05,9.486536992528407e-07,1.001627583071943,0.03086756426318435,1.7194085066666668e-05,1.0802353770239538e-06,1.722588506666667e-05,1.0255198163146762e-06,1.001983420890112,0.003552330579495466
-1.4178910888888887e-05,9.860429563280081e-07,-1.4794827555555556e-05,9.914577060454777e-07,1.0438097193221019,0.025377466530244294,1.9696409111111113e-05,1.286553417885706e-06,1.9708309111111116e-05,9.20948123917265e-07,1.001404125488681,0.019498257197320876
-1.4245378232662189e-05,8.237047787691086e-07,-1.4575191565995524e-05,1.2275932326159119e-06,1.0222188778370005,0.030427385134100357,2.0098785100671143e-05,1.5144303222536346e-06,2.0126651767337807e-05,1.5462798248606458e-06,1.0013802883798084,0.014591706269922173
-1.4426536711409393e-05,1.3483380166124996e-06,-1.454972337807606e-05,1.355431921596671e-06,1.008973075715245,0.030766993937480974,2.0601113288590604e-05,1.4757814600356033e-06,2.051767995525727e-05,1.2837337978604298e-06,0.9963705131660046,0.009182379834088842
-1.5172626152125276e-05,6.318999958986063e-07,-1.5164656152125276e-05,6.414540955013475e-07,0.9995281168108443,0.01567353695291795,2.1154413847874723e-05,1.4328238455246034e-06,2.0721313847874725e-05,1.5085118000692639e-06,0.9793103571244831,0.0047919434522824935
-1.5162420693512304e-05,1.0833909162335312e-06,-1.4765054026845636e-05,7.02885611178458e-07,0.9749035234884446,0.024742768615393512,2.103347263982103e-05,1.538191186724496e-06,2.1407005973154365e-05,1.645480163244322e-06,1.0176190504268667,0.012168390150968263
-1.539901333333333e-05,1.2354206114640487e-06,-1.5097023333333329e-05,3.7951166425646214e-07,0.9835948192940202,0.06298011925999791,2.128962666666667e-05,1.4934245597066112e-06,2.1369126666666673e-05,1.50220506808107e-06,1.0037384719984928,0.00612956746019945
3.696213094444444e-05,5.315124567928023e-06,2.147679761111111e-05,3.907272593020163e-06,0.5802305012250248,0.04678438540873894,-3.9033835722222224e-05,7.494130951050153e-06,-3.0661335722222215e-05,5.435834266972078e-06,0.7871222807060066,0.022709354079230755
3.7468638049052396e-05,5.219798963836283e-06,2.5869604715719057e-05,4.212717669574643e-06,0.6890786871979192,0.03483293867524577,-3.927032861761427e-05,6.674600423253859e-06,-3.121179528428094e-05,4.762221079725859e-06,0.7966597333135267,0.03078944444381829
3.526850482222222e-05,4.4276313722967415e-06,2.7694738155555553e-05,5.960959075958953e-06,0.7798003422405192,0.06835707346220024,-3.7099528511111115e-05,7.46801547484886e-06,-2.8274028511111113e-05,5.015621550995314e-06,0.7644140281178949,0.022384305135899663
3.8655400457079154e-05,3.857693940984925e-06,2.962330045707915e-05,3.112356306459563e-06,0.7661160892600424,0.0132772148339838,-4.037239954292085e-05,6.988131672133909e-06,-3.282643287625418e-05,4.800052777473422e-06,0.8154997360707034,0.021388457638494004
4.019142341137123e-05,5.14220809345263e-06,3.293155674470457e-05,3.735383055135852e-06,0.8203437419927991,0.014312929221092414,-4.166564325529543e-05,7.447303203248221e-06,-3.434617658862876e-05,5.84178353804382e-06,0.8252686877985296,0.013592069973872627
4.3024876144444443e-05,5.8059830320642265e-06,3.636904281111111e-05,5.157928153770224e-06,0.8447949570109167,0.013223439489126096,-4.339785718888889e-05,8.577414907372278e-06,-3.6595023855555556e-05,6.968647240065392e-06,0.8439739443298637,0.006529951992809199
4.564238448888889e-05,6.679433481849906e-06,3.949908448888889e-05,5.424140569267561e-06,0.8661481738614799,0.013410677584232018,-4.5441482177777775e-05,8.801020783808101e-06,-3.9385648844444444e-05,7.757442573981656e-06,0.8664499252932147,0.005734891444941716
5.574996914444444e-05,7.96131588280053e-06,5.228893581111111e-05,7.657099328775212e-06,0.9376637917681778,0.010691905862639428,-5.59928641888889e-05,1.0735348311903832e-05,-5.213843085555557e-05,9.945340474333635e-06,0.9313253714687941,0.0038592621224703824
5.656757535555554e-05,7.516349866053886e-06,5.185484202222221e-05,6.8970205144321e-06,0.9167270121106249,0.01057252830532806,-5.616865797777778e-05,1.0160410300726074e-05,-5.228639131111112e-05,9.808080691294775e-06,0.93007619585364,0.008186371104387385
5.440980568888889e-05,6.9225371415622174e-06,5.9039072355555556e-05,9.556362450461852e-06,1.0822095786141024,0.04012791512283705,-3.324082764444444e-05,1.0093764427116907e-05,-5.1495727644444455e-05,1.366967249194109e-05,1.5670079894143487,0.12597801055500732
3.410990393333334e-05,5.908786257246684e-06,4.291153726666667e-05,7.109270272242479e-06,1.2595990591085864,0.061143837592967036,-2.2796649400000002e-05,6.948896781598742e-06,-2.85147294e-05,8.165364279207272e-06,1.2624280110189143,0.1118157986130494
3.0907201516164996e-05,4.963033101852601e-06,3.6394801516164994e-05,5.63789542292368e-06,1.178241565846417,0.012478452320182366,-2.794646515050167e-05,4.735523775770588e-06,-2.3801918483835007e-05,8.45565896580417e-06,0.8354339266529132,0.1827328788633465
3.408545089186176e-05,3.628951549183745e-06,3.1025717558528426e-05,5.84866240630793e-06,0.9054146548003668,0.07500247439466041,-3.48493157748049e-05,6.064594345785641e-06,-2.6051682441471574e-05,4.149622391312824e-06,0.7488882295825522,0.014030912870225665
4.165251134894091e-05,6.0813550495262995e-06,3.439267801560758e-05,4.098810903777757e-06,0.8279850517027633,0.03500826223367786,-4.1881421984392424e-05,6.8919739466681756e-06,-3.5110321984392424e-05,5.712195941753132e-06,0.8384611839638767,0.005073490148620168
4.2993072909698996e-05,5.270509652794549e-06,3.5995472909698994e-05,4.733278862243989e-06,0.8366762332425027,0.009518123494036869,-4.2829660423634345e-05,7.841087959380673e-06,-3.6372527090301e-05,6.334237973975223e-06,0.8500646715523911,0.017114180139732114
4.416334171683389e-05,4.7724451842509105e-06,3.644257505016723e-05,4.018657196778449e-06,0.8250862270558388,0.006744366973630371,-4.246602494983277e-05,7.089401731479387e-06,-3.623139161649945e-05,5.534351615283956e-06,0.854521522265994,0.012229239888121536
1.9918568444444444e-05,3.879075714000307e-06,1.0834835111111113e-05,2.4489499063683254e-06,0.5436265743153276,0.06658703745787674,-1.9297318222222223e-05,3.017804039259983e-06,-1.581638488888889e-05,2.3067717959801378e-06,0.8204590703730538,0.015296101594031006
1.9377056711259753e-05,6.532818002759199e-07,1.2713256711259753e-05,2.838949742144309e-06,0.6539750913709715,0.12880474444884904,-1.8360629955406914e-05,1.838851490126096e-06,-1.4271733288740248e-05,1.5098189698455665e-06,0.777885081314837,0.041195937981922115
1.9585874777777782e-05,3.113336229941349e-06,1.4269141444444448e-05,2.480628763619527e-06,0.7275402357979776,0.036619583559795416,-1.912136522222222e-05,2.4504931698516207e-06,-1.4865571888888885e-05,1.7314858413779536e-06,0.7783220975391126,0.025754145249105773
2.1163379397993315e-05,3.4398109275759426e-06,1.610494606465998e-05,1.8348689964432203e-06,0.7653437442224288,0.05442042967990527,-2.0003543935340022e-05,3.2348218960226862e-06,-1.6482920602006688e-05,2.6113030635146535e-06,0.8242417418221478,0.012090233218587222
2.2071075362318842e-05,2.559902048427567e-06,1.849087536231884e-05,2.54561581541957e-06,0.8364344531225082,0.022336677917773134,-2.1241637971014496e-05,3.23895168363555e-06,-1.7899797971014494e-05,2.5403892416623223e-06,0.8435496197399684,0.008814417485026373
2.2552400066666668e-05,3.3718213585625915e-06,1.857876673333334e-05,2.9576797455419132e-06,0.8230558800886515,0.008370985882320632,-2.158280993333333e-05,3.2914656802483206e-06,-1.84675066e-05,2.1759879033686917e-06,0.8586691634193379,0.03212465078289821
2.3689487222222226e-05,4.3549583754173925e-06,2.0550320555555558e-05,3.0489225682705036e-06,0.8710233234587967,0.029601355136307524,-2.2241842777777778e-05,3.340063703961606e-06,-1.9817939444444444e-05,3.1821833248745817e-06,0.8901343648808924,0.00921631088678278
2.9057959311111112e-05,4.477405963225006e-06,2.666185931111111e-05,3.3550536867313323e-06,0.9200345445228254,0.024321496603605986,-2.7244607355555553e-05,4.454245002291833e-06,-2.5702840688888887e-05,4.003996557835629e-06,0.9447879121006615,0.05664298653499372
2.9735840533333337e-05,5.127808717387542e-06,2.7991407200000003e-05,3.5209420858072903e-06,0.9467072096383924,0.059003349303156795,-2.76594928e-05,4.876281786769049e-06,-2.583555946666666e-05,4.355276124155109e-06,0.9348231363251016,0.010131222663856678
2.8270329900000003e-05,2.3071017728066396e-06,3.049556323333334e-05,5.449352956733869e-06,1.0736311284688398,0.10616966919598983,-1.4613236766666666e-05,3.422742412643339e-06,-2.692360343333333e-05,2.845595281110945e-06,1.8855205662118684,0.2856993341241413
1.6874954544444448e-05,3.797625048639822e-06,2.1818154544444445e-05,3.977653446406554e-06,1.3005094732976896,0.050825042035541536,-1.1409441788888886e-05,1.7780074637016891e-06,-1.4004232122222219e-05,1.8393178003223804e-06,1.24264974334773,0.21292917149745796
1.5746384827201787e-05,3.3818300876879825e-06,1.854785149386845e-05,4.440287756545909e-06,1.1746846107300168,0.060601719940935,-1.4214858506131551e-05,1.8018533970337544e-06,-1.050346850613155e-05,3.7591891647957095e-06,0.7277338563367882,0.2048893418087514
1.8755934214046822e-05,3.6161096234017493e-06,1.5267100880713486e-05,3.5196926403757416e-06,0.8104917857488386,0.03371277614831338,-1.7892972452619848e-05,2.4063281535044027e-06,-1.3605412452619846e-05,1.5114944652435738e-06,0.7619784347302866,0.01917585227205315
2.3492883545150503e-05,3.2121243515445414e-06,1.98887835451505e-05,2.372190917378799e-06,0.8478812960277993,0.0142523475299402,-2.14410764548495e-05,3.806545793585265e-06,-1.8731073121516167e-05,2.790565807587467e-06,0.8770189536063885,0.04120509016487861
2.3717898929765877e-05,3.191115261397884e-06,1.9942965596432547e-05,2.3399368651618384e-06,0.8421176523588735,0.020055926655889053,-2.1911414403567452e-05,3.0846380780983705e-06,-1.9364327736900786e-05,2.907860417681239e-06,0.8831509164621719,0.01554152795050896
2.5119253600891858e-05,6.018184911589877e-06,2.4288786934225193e-05,1.1708927536296764e-05,0.933719352892194,0.21862315943144453,-1.838815639910814e-05,1.3340371157406777e-06,-2.0414733065774805e-05,6.8341922394950535e-06,1.130931098893036,0.46364062284971075
-2.6123757399999998e-05,5.571704995803549e-06,-1.8494364066666665e-05,2.416300127832534e-06,0.717556304510003,0.08053225506731902,2.8875442599999996e-05,3.1907014833610133e-06,2.8760209266666664e-05,3.0686845285304562e-06,0.9965760706750032,0.026673193341861478
-2.6051438472686736e-05,5.016382405085241e-06,-2.1652665139353404e-05,4.145846594939634e-06,0.8330107031697117,0.05622923248374049,2.9480194860646593e-05,3.485709511282527e-06,2.8995394860646593e-05,3.5745978133882795e-06,0.9831901393840171,0.010420983748728189
-2.6228483077777775e-05,4.7685129084922845e-06,-2.3486616411111107e-05,3.932440510429002e-06,0.8972284703903238,0.021554462357678574,2.8905850255555556e-05,3.648466096289235e-06,2.8993283588888888e-05,3.2518391696140905e-06,1.0043552900494372,0.02500312245779069
-2.644656500557414e-05,3.7757403745936056e-06,-2.5329965005574135e-05,5.528641307260127e-06,0.9523149505205323,0.08640711275925533,2.9605634994425865e-05,3.4640646860427858e-06,2.931953499442586e-05,3.2779076825218165e-06,0.9907894781986091,0.01649262238576374
-2.636021284280937e-05,3.9098916969296136e-06,-2.633237950947603e-05,4.756942023720251e-06,0.9968897075182204,0.06493331105305518,2.9461520490523963e-05,3.533770159389778e-06,2.9294620490523963e-05,3.563032673484776e-06,0.9942037043273664,0.006242838701200926
-2.820933537777778e-05,4.930448232881266e-06,-2.7068902044444445e-05,5.483021478104303e-06,0.9594556350790896,0.08108415788081952,3.0552931288888896e-05,3.852179458059747e-06,3.035423128888889e-05,3.6917699674913168e-06,0.9939068373669971,0.010820949421929092
-2.8624801655555553e-05,5.326728801356417e-06,-2.7627434988888888e-05,5.470570992080055e-06,0.9648646625430232,0.045298395768454396,3.1110998344444446e-05,3.938354972592819e-06,3.1110998344444446e-05,3.9802629979039385e-06,1.0003242055288961,0.031514861781780416
-1.2258557833333335e-05,5.138295917917407e-06,-1.2147284500000004e-05,4.294741849897229e-06,1.0098514590964818,0.06787378459119243,1.3478708833333332e-05,2.4286127450226356e-06,1.4337042166666663e-05,2.6471994995182573e-06,1.0631730827464432,0.006961541693043698
-1.209522638888889e-05,3.2432103866284043e-06,-1.1725681055555558e-05,3.792008554052455e-06,0.9594501654662628,0.08666397835665007,1.3669872277777778e-05,1.3623849715193916e-06,1.3097672277777779e-05,1.5870949240111303e-06,0.9568457082917811,0.02269442445573751
-2.0544459344444448e-05,2.212997155780659e-06,-2.077889934444445e-05,3.0193211858300145e-06,1.0095921225366034,0.05798559717549346,2.335634732222222e-05,1.4369397731708175e-06,2.309804732222222e-05,1.6241902748621744e-06,0.9886037453714632,0.009962146369676815
-2.456631044444444e-05,4.054670225477128e-06,-2.4395443777777776e-05,4.718922504399315e-06,0.9902137819608517,0.02807464232641788,2.762748955555556e-05,3.3739534955435815e-06,2.656652288888889e-05,3.3857046999330126e-06,0.9611959681860722,0.011377860137031652
-2.470304952720178e-05,3.3427837934909657e-06,-2.5044782860535115e-05,3.420547189704476e-06,1.0138025738543635,0.009007994031215185,2.7435150472798217e-05,2.825410928990877e-06,2.7721217139464884e-05,2.6794855164927105e-06,1.0109978314123012,0.018779803796191243
-2.6877572274247498e-05,6.214725425624434e-06,-2.676633894091416e-05,4.76466646147756e-06,1.0035661608183952,0.0514774241088374,3.0084594392419174e-05,3.959971622921872e-06,2.9973361059085837e-05,4.464609185147377e-06,0.9948552370128046,0.02274261126443027
-2.824329835005574e-05,4.898694729346544e-06,-2.8358565016722406e-05,5.962966673727733e-06,1.0003425787094449,0.05368049273280723,3.0721568316610934e-05,3.847408588073503e-06,3.069376831661093e-05,4.1363818602852415e-06,0.9983717962605048,0.01086831918420039
-2.7652149476031215e-05,5.711990962304068e-06,-2.8852182809364544e-05,5.114112374836367e-06,1.0474525928375582,0.04626271016388653,3.1280983857302125e-05,4.331979314629708e-06,3.105045052396879e-05,4.11186290816424e-06,0.9932020527134165,0.00849570786124179
-2.8336346131549608e-05,5.566019624573063e-06,-2.8757579464882937e-05,5.74861994702417e-06,1.0147226124845945,0.01880924342975327,3.129215386845039e-05,4.339148882928852e-06,3.137558720178372e-05,3.866099655029694e-06,1.0040517256355779,0.015228421204482851
-5.491175006666667e-05,1.1507790744600134e-05,-3.6970783399999995e-05,6.6884135053836e-06,0.6762223194552434,0.030010755792083652,6.291071660000001e-05,1.1105859096734376e-05,6.260078326666666e-05,1.060772092539381e-05,0.9960662970794661,0.016816610079307775
-5.350731734671125e-05,1.2669430815491732e-05,-4.3732184013377914e-05,9.7009115671656e-06,0.8198246255969517,0.03344837490174277,6.149388265328874e-05,1.1766868495902198e-05,6.160514931995543e-05,1.1238577966894035e-05,1.0028262448444583,0.013719386075719379
-5.4839489400000005e-05,1.1196057508112668e-05,-4.835452273333334e-05,1.148584637723661e-05,0.878148937132531,0.02911705844101219,6.276044393333333e-05,1.1035398864040482e-05,6.267304393333333e-05,1.0357929907340845e-05,0.9997759318734195,0.009969674996357411
-5.453974298773691e-05,1.2778074850987101e-05,-5.0967409654403575e-05,1.2385613061489823e-05,0.9336771508358304,0.018628606066372476,6.248802367892976e-05,1.1844854500886547e-05,6.237279034559643e-05,1.1386492234568575e-05,0.998989257190467,0.006937649243810343
-5.6282074013377927e-05,1.1302788737527747e-05,-5.308330734671126e-05,1.1162821998401174e-05,0.9423085242865317,0.01837825838395025,6.39444593199554e-05,1.0704458811685399e-05,6.374579265328874e-05,1.002780038669265e-05,0.9980191642297688,0.011630967930322898
-5.835757181111111e-05,1.2638000035828069e-05,-5.6299171811111105e-05,1.2994770577088706e-05,0.9636181239822351,0.03327061801334751,6.604129485555557e-05,1.153157190085328e-05,6.547309485555555e-05,1.119370886731244e-05,0.9918432337275068,0.0058109258649888165
-5.9268233955555554e-05,1.2944748313833286e-05,-5.8926500622222216e-05,1.262695768721344e-05,0.9948816700776592,0.006170420244488947,6.813073271111112e-05,1.1687047630520315e-05,6.735983271111111e-05,1.1386751062565376e-05,0.9889918193351012,0.0044636201247459486
-3.074990911111111e-05,1.1062590306325273e-05,-3.0149892444444437e-05,1.1165930070663047e-05,0.9758409374484049,0.05401375218191068,3.5959634222222224e-05,9.429413812878997e-06,3.655566755555556e-05,9.351305583507628e-06,1.0177056965461422,0.007158296284756769
-2.8793643155555557e-05,9.281466382148261e-06,-2.836447315555556e-05,8.769442352078724e-06,0.9877003016973762,0.02786144268985529,3.3056133511111106e-05,7.452578677402913e-06,3.3799200177777775e-05,8.511588871954024e-06,1.0176482830441524,0.037547634270512754
-4.0018984811111114e-05,7.105641376770789e-06,-4.038851814444445e-05,6.344710924615294e-06,1.0119479973569405,0.036913206383859344,4.878001518888889e-05,6.219805823136588e-06,4.823564852222221e-05,5.694596012561519e-06,0.9896141669468851,0.01118685768999636
-4.935317688888889e-05,9.777422695127086e-06,-4.869354355555556e-05,9.91761785633821e-06,0.985959434710443,0.008460199495173947,5.824512311111111e-05,9.084277418347193e-06,5.810205644444444e-05,8.31029653415639e-06,0.9988345552186898,0.01595607659268312
-5.1181784526198444e-05,1.0726613959709707e-05,-5.046655119286511e-05,1.1048579743340176e-05,0.9848211592533017,0.008622188629256431,5.976231547380156e-05,9.833427566312939e-06,5.953581547380156e-05,9.448638947604966e-06,0.9967991071276975,0.005896670015464813
-5.693914753623189e-05,1.1388270848135652e-05,-5.7336480869565224e-05,1.3768146303153865e-05,1.0018203130478749,0.03952152606530574,6.594575246376811e-05,1.1010736487961454e-05,6.577491913043478e-05,1.1395729888735917e-05,0.9967414493793948,0.006108352131441583
-5.8066873266443705e-05,1.244526985653768e-05,-5.815033993311037e-05,1.1895175080141825e-05,1.0026605268098168,0.01495051213946056,6.710686006688963e-05,1.1044335255580482e-05,6.69360267335563e-05,1.111693253708933e-05,0.9972729887916331,0.004381831469641162
-5.987245046822743e-05,1.3703209285530887e-05,-5.9268450468227426e-05,1.2696745231899355e-05,0.9919206596391267,0.015259935453939685,6.890144953177257e-05,1.2241338563795128e-05,6.864711619843924e-05,1.1767183030185467e-05,0.9969845196000232,0.006715163447671468
-6.009392074693423e-05,1.2444656018962165e-05,-5.93468874136009e-05,1.3487015660987896e-05,0.9848888762440446,0.02037094166443513,7.045217925306577e-05,1.3633591040488466e-05,6.956604591973243e-05,1.308922126179239e-05,0.988048109047245,0.00543461893157209
3.9672596255555565e-05,4.568518635481998e-06,1.969709625555556e-05,2.061143451573983e-06,0.49724332723437675,0.026076013872499113,-4.0380437077777776e-05,4.1368623773122896e-06,-3.229407041111111e-05,3.455446340647969e-06,0.7996440013915033,0.017756119301614186
3.8309104425863995e-05,2.9543915384513606e-06,2.2966904425863994e-05,1.666906327561415e-06,0.5996565965167212,0.0027538411394646676,-3.928422890746934e-05,3.33561515224669e-06,-3.1201795574136004e-05,1.9215661351409374e-06,0.7955277344079614,0.03181361697263144
3.844670081111111e-05,3.847172979356402e-06,2.6843667477777775e-05,2.977668266495528e-06,0.6983787750456755,0.03997777823055472,-3.861016585555556e-05,3.2426087841323453e-06,-3.0579465855555554e-05,1.355397187884638e-06,0.7937465965865377,0.03227894356489174
4.1035893812709036e-05,3.969693244387699e-06,3.2405127146042364e-05,2.8357674298264754e-06,0.7901256785171596,0.007069153990817903,-4.0928439520624294e-05,3.6745144805552938e-06,-3.3271239520624296e-05,2.7539381374698993e-06,0.8134403249565701,0.02511053812763384
4.170093607580825e-05,4.078608797112007e-06,3.386890274247492e-05,3.725199108212484e-06,0.8115556754094108,0.01622754914614728,-4.1439630590858414e-05,3.4971954982150648e-06,-3.509373059085841e-05,3.0357294450965135e-06,0.8469638775701691,0.023870036326070737
4.2695222177777787e-05,3.989745757265179e-06,3.594798884444445e-05,3.512448702281638e-06,0.8417784741368534,0.01302065418849736,-4.227321115555555e-05,2.733264316908749e-06,-3.612997782222221e-05,2.688626853011069e-06,0.8545385073162378,0.024842234084002705
4.512168694444444e-05,3.886194582555951e-06,3.966192027777778e-05,4.638569516189528e-06,0.8774646439311825,0.02724962854274499,-4.502041305555555e-05,4.026001245302908e-06,-3.893277972222222e-05,3.864497143035488e-06,0.8644439886906867,0.022995533082889447
5.5611751944444455e-05,5.658183165384825e-06,5.2579851944444454e-05,5.644167121793158e-06,0.9452969262537742,0.02758292945987138,-5.4390614722222214e-05,4.6529254672775245e-06,-5.064344805555555e-05,4.362102780117734e-06,0.9312459186396199,0.01996893146467691
5.697178204444445e-05,5.8374861394745166e-06,5.228684871111112e-05,6.2255169588229025e-06,0.9167502303332701,0.01944069251808957,-5.5279651288888885e-05,5.177448321253902e-06,-5.153648462222222e-05,4.818855970786636e-06,0.9323033262337074,0.0027526949970436082
4.9908791255555554e-05,3.835182266440036e-06,5.824945792222222e-05,6.281744639947168e-06,1.1674670674188679,0.09596258662716958,-2.6921608744444442e-05,2.938856213409597e-06,-4.692094207777778e-05,7.198822983278018e-06,1.738715270352153,0.1170844088545484
3.07338985e-05,3.381825368081841e-06,3.858976516666667e-05,5.105284179580524e-06,1.253897391313228,0.037251278347294595,-2.3657334833333336e-05,6.633041601521938e-07,-2.3228168166666666e-05,2.3463333978561604e-06,0.9842467783554034,0.12852414237669285
2.818546848383501e-05,1.8502297547086867e-06,3.275913515050167e-05,2.0272969995301934e-06,1.1624638906975617,0.004474345780843018,-2.832373151616499e-05,2.229952283814385e-06,-1.9720774849498326e-05,1.9972408103156766e-06,0.6965132786502973,0.04817979655108176
3.3460503043478266e-05,2.9775098131148863e-06,2.885900304347827e-05,2.0411071754328437e-06,0.8634158396198982,0.015781769412125026,-3.4047730289855066e-05,2.0260233591603085e-06,-2.533753028985507e-05,1.8065162222292916e-06,0.7439629853425616,0.02014839658218314
4.108062688963211e-05,3.889206761072055e-06,3.417046022296545e-05,4.462678011344301e-06,0.8298327257557344,0.031969155854645756,-4.091150644370122e-05,3.3309283526239127e-06,-3.4398706443701224e-05,2.928595963887547e-06,0.840652603094712,0.009865778365616272
4.2709634091415836e-05,3.8249620822690085e-06,3.63637007580825e-05,3.6003143500348175e-06,0.8511068301733795,0.026362203028971392,-4.2775332575250836e-05,2.773860698639891e-06,-3.646126590858417e-05,2.9583098015470605e-06,0.8518787094771447,0.01949965934530077
4.345845057971014e-05,1.8824542705229716e-06,3.7223850579710146e-05,1.5094734780062124e-06,0.8570824724631856,0.03578333129681039,-4.365571608695652e-05,2.5078398997734164e-06,-3.748464942028985e-05,1.6997064765943272e-06,0.8591154306721464,0.018426857196709296
1.8529471811111117e-05,2.446062148205696e-06,1.0470938477777783e-05,3.3769424897747693e-07,0.5737094872902898,0.09801908667987094,-1.8123401522222222e-05,2.5967886090066093e-06,-1.4070258188888882e-05,3.1087454008133853e-06,0.771249899740746,0.08704162068874409
1.9504612430323304e-05,5.252773371596334e-07,1.2904412430323307e-05,1.2916020256950906e-06,0.6607290417289374,0.04900677779002118,-1.837213090301003e-05,6.929604347442393e-07,-1.5058114236343359e-05,1.2637924562717994e-06,0.8193796538091238,0.05506333896965614
1.9247604144444447e-05,1.1009054202601281e-06,1.381563747777778e-05,5.081281952982209e-07,0.7190429040880204,0.041995973313389105,-1.8462269188888886e-05,6.609547903676275e-07,-1.4977389188888888e-05,6.798292841568755e-07,0.8115137251386143,0.034143192973272056
1.9393066688963216e-05,7.642816793464627e-07,1.6190300022296546e-05,7.572925528867815e-07,0.836752267279348,0.07308313426460346,-1.9373793311036785e-05,1.075812553706767e-06,-1.5972349977703453e-05,5.621110057395186e-07,0.8255465854392977,0.03828627550668308
2.0888706923076928e-05,1.1925869069890018e-06,1.8087306923076924e-05,1.285146888900002e-06,0.8655360704201999,0.021362782626220028,-2.019080641025641e-05,1.3942153057009933e-06,-1.7274163076923074e-05,1.5030298783834059e-06,0.8550088968988184,0.02910290525353693
2.1568973022222224e-05,1.163301524811404e-06,1.8914573022222227e-05,1.485978302442043e-06,0.8762920610407526,0.02830872014773374,-2.051189364444444e-05,1.1327778806778263e-06,-1.7623066977777773e-05,1.2327036410548342e-06,0.8587296852741876,0.01767361624539889
2.2556795800000003e-05,1.6274455389593996e-06,1.9727562466666666e-05,2.3773863245397974e-06,0.8727895177314395,0.05063709398236981,-2.1495004199999994e-05,1.3984332681500585e-06,-1.880882753333333e-05,1.3165045212774084e-06,0.8749328513557639,0.01816066043129645
2.632436748888889e-05,2.990851375704648e-06,2.475476748888889e-05,2.894415761020009e-06,0.9405726234359362,0.043012367524853,-2.386673251111111e-05,1.590462424072849e-06,-2.1442799177777777e-05,1.8100146471227252e-06,0.8977617914305777,0.01733470548263013
2.7500587899999998e-05,2.248959548281425e-06,2.62130879e-05,2.52792196500199e-06,0.952428928841505,0.014715715118551027,-2.46058121e-05,1.022772988878538e-06,-2.3318378766666668e-05,1.2586567812260042e-06,0.9474394605091329,0.0190466154934716
2.5524459788888896e-05,1.5635021702782007e-06,2.855632645555556e-05,1.6046184487078375e-06,1.120548055055252,0.07179880517107429,-1.1100598877777773e-05,8.466017761347946e-07,-2.0983050211111106e-05,3.833512310908927e-06,1.8943855990998444,0.3379713902280566
1.3464250111111115e-05,1.3917277368403695e-06,1.706831677777778e-05,1.8812576084635302e-06,1.268645295645693,0.07360539389010586,-1.3067776555555552e-05,3.3212226301024363e-07,-8.506036555555554e-06,8.788985211140048e-07,0.651382253815734,0.07246789219465329
1.3797740011148278e-05,6.109424242287682e-07,1.4596440011148277e-05,1.287082875148991e-06,1.0590407962795843,0.09881883153506706,-1.5221753322185057e-05,1.3172408121385129e-06,-8.915595322185056e-06,8.999204321040123e-07,0.5853796004607504,0.017106503182342168
1.8032023578595324e-05,1.2379276125061882e-06,1.2607990245261991e-05,9.922909400947493e-07,0.6989394382557338,0.011575024084200755,-1.7933416421404675e-05,1.2913131511026475e-06,-1.4384979754738011e-05,7.718649686906409e-07,0.8029113569241454,0.017943985796603883
2.2047947112597548e-05,1.7147106643575409e-06,1.8992213779264216e-05,1.5304723578342406e-06,0.8613730982976303,0.01367424576256505,-2.0545546220735784e-05,1.146406205698746e-06,-1.8630226220735788e-05,5.28036990913471e-07,0.9078451454586981,0.03125728394710261
2.2497533043478265e-05,8.189268173222793e-07,1.975573304347826e-05,3.9871210647365613e-07,0.8785462147529275,0.01996481227801476,-2.089066028985507e-05,1.3771510314634709e-06,-1.889192695652174e-05,8.439194487075447e-07,0.9052631793256398,0.02491072572307919
2.1587680323299888e-05,8.455346255076785e-06,2.1162480323299887e-05,6.408921663630471e-06,1.015728078501978,0.1784781084981182,-1.8204363010033448e-05,4.941189590793165e-06,-1.7437496343366783e-05,8.994669718556883e-06,0.9147280596342471,0.32043155374038435
-2.2658051588888884e-05,9.277685961899897e-07,-1.734134492222222e-05,1.187783312969494e-06,0.7647853564680115,0.022153107629044873,2.659524841111111e-05,2.2678692002353934e-06,2.622174841111111e-05,1.993709582586274e-06,0.9865871589563714,0.020509839048897062
-2.2292656945373463e-05,1.0936983551377848e-06,-1.9860783612040134e-05,1.7203341592523262e-06,0.8898503765883055,0.032876299628501936,2.6559343054626533e-05,1.7379346764314279e-06,2.6789809721293197e-05,2.015521996281025e-06,1.008255484610453,0.013907438781077383
-2.2606666044444444e-05,8.197125000032561e-07,-2.060793271111111e-05,1.3946986802649183e-06,0.9131507413336705,0.08426619170127542,2.692880062222222e-05,1.8280562726460262e-06,2.6813533955555558e-05,2.309155382215523e-06,0.9949631989349624,0.026681314851833594
-2.2519845696766992e-05,1.590538558840807e-07,-2.191984569676699e-05,2.1649707839698024e-06,0.9737750730889249,0.10206051521042252,2.7103020969899673e-05,1.8845825731283188e-06,2.6876520969899675e-05,2.4491950924754538e-06,0.9906284430012035,0.0235286873763057
-2.2856894637681146e-05,4.768130695659747e-07,-2.2574761304347814e-05,1.1188743100880124e-06,0.9872636163699854,0.029027377253680826,2.6448072028985517e-05,1.4766829635381883e-06,2.6845472028985514e-05,2.8272552736318064e-06,1.0133486156722282,0.05772558366343588
-2.3751057388888885e-05,2.2362660843878128e-07,-2.2642424055555554e-05,9.488994786369012e-07,0.953144655986312,0.03154055120435304,2.7894342611111117e-05,1.924467726254506e-06,2.758047594444445e-05,2.3050503422479586e-06,0.9880664382772458,0.015676340980392132
-2.322410386666666e-05,9.08834615279378e-07,-2.2850603866666662e-05,9.842625566212887e-07,0.983908400533312,0.0170907568607882,2.7996196133333337e-05,2.2523487771539023e-06,2.7598829466666673e-05,2.1739626764421038e-06,0.9858931449912061,0.0026370883748237694
-1.1388687788888887e-05,6.407024657738481e-06,-8.479981788888885e-06,7.512088460594522e-07,0.869110939301733,0.3319950414453293,1.1431952877777782e-05,1.6205176260022755e-06,1.1578952877777783e-05,1.1937223274952679e-06,1.017043960207286,0.04750689023921677
-1.1775679188888883e-05,1.8148230717771408e-06,-1.055179785555555e-05,1.6754193346383788e-06,0.8974484569363973,0.05874007851528186,1.3528490811111115e-05,2.0731342529156077e-06,1.287282414444445e-05,2.0645798281944735e-06,0.9510200909265901,0.014280540572799977
-1.886434505555555e-05,1.7148675633531944e-06,-1.909479505555555e-05,1.7970837844419663e-06,1.0157823168543347,0.10847035536519961,2.2155581611111117e-05,1.8564012530707682e-06,2.227078161111112e-05,1.8169181599041228e-06,1.005325238156884,0.002503708180255654
-2.1484575111111105e-05,1.4890943170362175e-06,-2.2084608444444436e-05,8.969418110790619e-07,1.0293857689186368,0.0348180467760849,2.571035822222223e-05,1.8338347472316136e-06,2.5877258222222233e-05,1.9952559498405307e-06,1.006208611977735,0.006137756829230603
-2.213211926421405e-05,1.2386421841612272e-06,-2.1961252597547383e-05,1.0697442176514116e-06,0.9929740557969543,0.037655363419361224,2.5921147402452624e-05,1.9043750658978242e-06,2.5658914069119285e-05,2.069451473316703e-06,0.9895994920479977,0.013141783029351142
-2.3248440089186178e-05,1.6211335877771246e-06,-2.2537206755852844e-05,4.123464762475211e-07,0.9718646841834885,0.053469013505030014,2.711349324414716e-05,1.685403984658828e-06,2.7343959910813826e-05,2.2691678556963307e-06,1.0077607209171873,0.029503362262789035
-2.3130424370122624e-05,5.523086683523376e-07,-2.3408591036789287e-05,5.808624277466093e-07,1.0122164327068879,0.024821719632146973,2.7950742296544044e-05,1.945963677630932e-06,2.7807708963210716e-05,1.4498364720835708e-06,0.9957203711216679,0.018291824518720214
-2.3316425964325527e-05,7.036828713094317e-07,-2.3713792630992195e-05,1.061054959832743e-06,1.0184782957310958,0.07422197221033064,2.790777403567447e-05,2.1739099150660467e-06,2.8563407369007807e-05,2.4793942497375892e-06,1.02301075346604,0.009302076014205728
-2.302335558528428e-05,4.5638651783737184e-07,-2.3563755585284276e-05,1.1347606186226088e-06,1.0236443980181806,0.05076731751549216,2.8343944414715725e-05,1.6963595391361536e-06,2.8455211081382392e-05,2.0424552940061547e-06,1.00344795162166,0.014650588185084868
-4.9855445288888895e-05,4.943509129604455e-06,-3.882464528888889e-05,4.2878980414412746e-06,0.778173547626151,0.015694107595522474,5.959855471111111e-05,6.372339138376318e-06,5.945945471111111e-05,5.968807391766744e-06,0.9981436082968805,0.008697891390977408
-4.9925600691192866e-05,5.726282839832577e-06,-4.4779700691192865e-05,4.577713652598765e-06,0.8977986819126289,0.01615692555848108,5.9587999308807135e-05,6.416007489449654e-06,5.9901932642140465e-05,6.664217201593869e-06,1.0050277925878357,0.006165306111329289
-4.973792293333333e-05,5.002266908605585e-06,-4.8823956266666665e-05,6.662935679730849e-06,0.9793133925581569,0.035369666119671316,5.937434373333334e-05,6.88533788909234e-06,6.003397706666667e-05,7.073148082803055e-06,1.0110253748453426,0.008541982962586547
-4.955895164994426e-05,6.091930015566008e-06,-5.0957684983277605e-05,6.258674736402019e-06,1.028226770835613,0.000996437704176073,5.987121501672241e-05,7.190526367609523e-06,6.029638168338907e-05,6.9276088234214504e-06,1.0075794856162086,0.00830358143154504
-5.057827884057971e-05,5.591287600070964e-06,-5.1210112173913034e-05,6.359581910134899e-06,1.0114659159145836,0.014088953833913325,6.082278782608696e-05,6.256809413629632e-06,6.11605211594203e-05,6.738173985774902e-06,1.0050453336174565,0.008255719364349602
-5.227164427777777e-05,6.283450326613202e-06,-5.384521094444444e-05,7.3935374219041235e-06,1.028674272272965,0.01790736706982085,6.272955572222223e-05,7.123764851352296e-06,6.255468905555556e-05,7.518368881209103e-06,0.9967593225689787,0.010685941860699846
-5.389287953333333e-05,6.039824026916197e-06,-5.388891286666666e-05,6.365097601879659e-06,0.9995603372745618,0.012054961804423586,6.410842046666667e-05,7.2947016071724485e-06,6.408058713333334e-05,7.341275012271667e-06,0.999492876492828,0.003755570912516392
-2.438661973333333e-05,2.9801772217883854e-06,-2.5471419733333333e-05,3.0415201506855665e-06,1.0447631598019502,0.007422734339507073,3.132388026666667e-05,4.102273326705534e-06,3.2440446933333334e-05,5.13466726700407e-06,1.0330132751952539,0.030334109440973252
-2.1519023411111112e-05,1.9668355253377446e-06,-2.1832923411111105e-05,2.9059108078702733e-06,1.0118805381048503,0.04512793242959205,2.6784576588888895e-05,3.531579385130772e-06,2.7932976588888892e-05,3.8818283489051874e-06,1.042158503133004,0.011568729868027282
-3.765828061111111e-05,2.1259584939316026e-06,-3.842918061111111e-05,3.212177310757185e-06,1.0196205454967249,0.037733212171729806,4.662668605555556e-05,3.453063256290789e-06,4.522398605555556e-05,3.483770469038614e-06,0.9697795114475031,0.0038423159186045646
-4.547383435555556e-05,3.861415679092574e-06,-4.570433435555556e-05,3.1813754392016227e-06,1.0059805186917565,0.016657860508639974,5.563946564444445e-05,5.095216124879819e-06,5.5520232311111114e-05,4.977165718995413e-06,0.9979790145338541,0.002223245792120194
-4.6740863158082495e-05,5.545100628686053e-06,-4.808396315808249e-05,5.543578085342139e-06,1.0291840146842854,0.03287230618968491,5.800037017525084e-05,6.276864020468065e-06,5.75712368419175e-05,6.06584781738582e-06,0.9928902379070826,0.010691669817425564
-5.063901227424748e-05,6.2122164211505065e-06,-5.19503122742475e-05,6.224770483780412e-06,1.0261934993541317,0.007419235442879233,6.293172105908584e-05,6.8879937264182745e-06,6.253035439241918e-05,6.835843731250779e-06,0.9936220368736337,0.003138123461090522
-5.177401148272017e-05,5.904108074085779e-06,-5.248531148272018e-05,5.578744005960794e-06,1.0143286888966216,0.009983608809414181,6.436762185061316e-05,7.142273630981893e-06,6.431195518394648e-05,7.213686739382816e-06,0.9990294377033875,0.005422753753156191
-5.2732671917502787e-05,4.873070568049242e-06,-5.2903538584169455e-05,6.1401498711005174e-06,1.0018689325900767,0.026845529263735863,6.512559474916388e-05,7.359586995098043e-06,6.480769474916387e-05,7.047112197494454e-06,0.9955177472284561,0.010115591127351345
-5.242259444816054e-05,4.6045265701107895e-06,-5.3308694448160535e-05,4.784737626812103e-06,1.0170077290770763,0.021812797059805017,6.549527221850613e-05,6.9550131377712565e-06,6.560653888517281e-05,7.265520225454191e-06,1.001352409656723,0.006875168303970774
