IDSant (2-3s) [A],IDSant (2-3s) [A],"IDSdep (+3, +4s) [A]","IDSdep (+3, +4s) [A]",delIDS [A],delIDS [A],RatioIDS,RatioIDS
mean,std,mean,std,mean,std,mean,std
8.163345074626862e-06,4.407788637973982e-07,8.28654781094527e-06,4.0199581283628185e-07,1.2320273631840984e-07,4.221039396003224e-08,1.0152971980178573,0.005967164241894232
8.064557578772793e-06,4.468395352841098e-07,8.377921840796016e-06,3.896639269583255e-07,3.1336426202322294e-07,6.356407365869983e-08,1.0392140896044164,0.010148669678052596
8.093460199004967e-06,4.983513522549403e-07,8.583365870646758e-06,4.352875599420766e-07,4.899056716417916e-07,6.522496242692562e-08,1.0610232127764379,0.012120310509123914
8.112656451077939e-06,5.41347811271035e-07,8.296788407960192e-06,5.156392175225004e-07,1.8413195688225308e-07,2.570868101249736e-08,1.0229140801336447,0.0048826262081105
8.03672217247097e-06,4.862053962311898e-07,8.350383034825869e-06,4.376149331013911e-07,3.1366086235489894e-07,6.855885243426723e-08,1.0393919364591169,0.0105407547890867
8.080471956882245e-06,4.802089939825462e-07,8.545744643449412e-06,3.894393896732782e-07,4.652726865671666e-07,9.582376136821042e-08,1.0581878949936443,0.015741247022179015
7.996946301824208e-06,5.261232222759135e-07,8.248610414593695e-06,4.74811164100573e-07,2.516641127694867e-07,7.840554578108952e-08,1.0318727735746236,0.011354977880096486
7.947384411276941e-06,5.772931482533878e-07,8.300524825870642e-06,4.578284640095654e-07,3.531404145937007e-07,1.1978821308756872e-07,1.0453616349403567,0.019164706331836336
7.97648490878938e-06,4.638060948849468e-07,8.445414610281918e-06,3.92890407954242e-07,4.6892970149253894e-07,7.695211788052388e-08,1.059285013755528,0.013179164936236602
7.923325174129343e-06,5.00362715011914e-07,8.15705849087893e-06,5.157186112319809e-07,2.3373331674958758e-07,1.6153137619515788e-08,1.029496314926013,0.0006237817780133024
7.933269237147586e-06,5.176743422056536e-07,8.267292603648419e-06,4.5259318066843314e-07,3.340233665008325e-07,6.689216194814022e-08,1.0426020897511645,0.011598715617114822
7.940524461028182e-06,5.010495207458772e-07,8.425289436152566e-06,4.4853154206356256e-07,4.847649751243851e-07,7.158742723105034e-08,1.061521097399791,0.012533561223653643
7.77218835820895e-06,5.292370137971453e-07,8.060722205638467e-06,5.229404963723024e-07,2.8853384742951747e-07,1.3642078163075394e-08,1.037282650389681,0.0037958515557375504
7.736484958540627e-06,4.798484790269388e-07,8.085552603648416e-06,5.080476718969737e-07,3.4906764510778893e-07,3.3213076691959835e-08,1.0450844906056707,0.0024137503137567394
7.804293731343278e-06,5.071598089961473e-07,8.259087827529014e-06,4.983676251980653e-07,4.547940961857343e-07,2.6984780587766908e-08,1.0584980556022379,0.005994652113737023
8.334449320066334e-06,4.7670739263945826e-07,8.379978043117742e-06,4.346659532939365e-07,4.5528723051408055e-08,4.410756735871036e-08,1.0056755648267273,0.005791401806154569
8.074916451077935e-06,4.563416692822451e-07,8.268953134328353e-06,4.37951189290604e-07,1.940366832504186e-07,3.9834603372751924e-08,1.02417444315216,0.0056233712307858855
8.085789767827521e-06,5.146029961471295e-07,8.401111459369818e-06,5.097443312770524e-07,3.153216915422961e-07,5.092473090130415e-09,1.039133124695171,0.003212233587354588
8.221091310116082e-06,5.777228340589912e-07,8.31843597014925e-06,4.7304167534035424e-07,9.734466003316724e-08,1.1146956162170727e-07,1.0125128998491268,0.014902277822984915
8.085256019900492e-06,5.147081717633884e-07,8.27079160862354e-06,5.116514149137974e-07,1.855355887230486e-07,8.468096966518046e-09,1.0230292211749445,0.0021508092644619585
8.103107761194021e-06,4.845804208019506e-07,8.421809933665003e-06,4.3362746492306354e-07,3.1870217247098235e-07,5.8353019608752834e-08,1.0396914978916112,0.009576910425228229
8.174653217247091e-06,4.789789593676073e-07,8.22941419568822e-06,4.495076655800339e-07,5.47609784411287e-08,2.9769310793637644e-08,1.0068608261573184,0.004171684045607967
8.005130762852397e-06,5.191372827415109e-07,8.18062344941956e-06,5.252436495595011e-07,1.754926865671647e-07,8.479745501068445e-09,1.021952401322124,0.0009927473786722533
8.08401066334991e-06,5.04464016794867e-07,8.361731061359863e-06,5.183008101173077e-07,2.777203980099533e-07,3.9090811574755846e-08,1.0343782874556244,0.004459328413099055
8.005190199004967e-06,5.177237395289627e-07,8.078178490878929e-06,4.874764913791711e-07,7.298829187396235e-08,6.186066734609917e-08,1.0093270516696584,0.007925876841252762
7.943747263681584e-06,5.306959393407432e-07,8.131713930348254e-06,5.80902200948429e-07,1.8796666666667063e-07,5.3277435295588265e-08,1.0234437788365682,0.005399564397572015
7.968696069651736e-06,5.181990097105848e-07,8.209842553897172e-06,4.7374012344901283e-07,2.411464842454377e-07,5.087729988477994e-08,1.0306060817612508,0.0084434775337311
7.92253424543946e-06,5.410396519592299e-07,7.96915043117744e-06,5.344628739006708e-07,4.661618573797801e-08,6.627290304756806e-09,1.0059425372485633,0.0012907491508793432
7.807595373134321e-06,5.153737135411207e-07,7.949717512437804e-06,5.489774171918767e-07,1.4212213930348188e-07,5.4207968362608665e-08,1.0180705434850335,0.006198521898387725
7.851048358208947e-06,5.402221829360384e-07,8.095713963515748e-06,5.748497161725619e-07,2.44665605306801e-07,4.9286824067009696e-08,1.0310629852083457,0.004932602933160113
8.212155339966825e-06,4.5854282036332016e-07,8.168188291873955e-06,4.440105707064003e-07,-4.396704809286907e-08,3.265350156729978e-08,0.9947054301911725,0.0037384498636939137
8.059239585406294e-06,4.182898031817407e-07,8.082290812603636e-06,4.372527132777126e-07,2.3051227197343194e-08,4.719263375403769e-08,1.0027910470922903,0.005682640284085607
8.109077993366497e-06,5.225068269172655e-07,8.061849104477608e-06,5.188010725682752e-07,-4.7228888888889864e-08,4.587714965034329e-08,0.9941885320496268,0.00542264072447249
8.165658258706463e-06,5.237327785010799e-07,8.16107170812603e-06,5.364172984926455e-07,-4.586550580431211e-09,2.4006439922530643e-08,0.999368811013189,0.002941635132168851
8.035259386401315e-06,4.680855882069257e-07,8.07054784411276e-06,4.919717821295731e-07,3.528845771144697e-08,5.6293697328604864e-08,1.0042960760693695,0.0067493642566181684
8.129164029850737e-06,4.314330542299496e-07,8.073414361525696e-06,4.6022664656439224e-07,-5.574966832504132e-08,3.579943839070766e-08,0.9930015814246982,0.004755753821170435
8.0214407296849e-06,5.67824415628833e-07,8.077763582089545e-06,5.574193538651571e-07,5.6322852404644963e-08,2.38146539713357e-08,1.007113390505135,0.003212003268371158
7.9543234991708e-06,4.983988443111792e-07,7.937855522388049e-06,4.720105612532691e-07,-1.6467976782752948e-08,2.898375435425954e-08,0.9980690900509215,0.0036269991102151193
8.015292189054719e-06,5.031803831577994e-07,8.00789859038142e-06,4.975884039672268e-07,-7.393598673298577e-09,2.284146134620464e-08,0.9991073387631516,0.0027418879356099664
7.944972719734654e-06,4.896552296050345e-07,7.947483300165828e-06,4.839457800500572e-07,2.5105804311755844e-09,8.808982066544213e-09,1.0003480910449973,0.0011324477840905698
7.885822686567155e-06,4.963262637580368e-07,7.92122961857379e-06,5.124850419457242e-07,3.5406932006635225e-08,7.763755522291523e-08,1.0044439547121742,0.009482224347635916
7.941374477611933e-06,5.144562521714665e-07,7.984630082918734e-06,5.280226403170724e-07,4.3255605306800565e-08,5.8392053107473127e-08,1.0054019452310692,0.007058975594888197
7.788300447761189e-06,5.340905636640518e-07,7.77887044776119e-06,4.920123048233685e-07,-9.42999999999984e-09,4.2477087766308115e-08,0.9990435485592896,0.005609435714491883
7.788932951907127e-06,4.850002417053907e-07,7.780531144278602e-06,4.859847306838311e-07,-8.401807628524233e-09,2.5420996102363096e-08,0.9989164638552231,0.0031526153137668017
7.8977435323383e-06,5.269638164234836e-07,7.846284195688217e-06,4.984580384524931e-07,-5.1459336650081845e-08,3.076406870892421e-08,0.9936325946778523,0.0036099871109973782
8.042218109452727e-06,4.5905493565645814e-07,8.142883747927024e-06,4.513476820653652e-07,1.0066563847429703e-07,2.4425289590314408e-08,1.012583667632313,0.0032580257751481405
8.052755257048083e-06,3.9126580498638745e-07,8.200372968490874e-06,4.846186535936682e-07,1.4761771144279121e-07,9.353252623475829e-08,1.0179743500394813,0.011053128821178444
8.097216401326692e-06,4.4779691769686614e-07,8.363826633499166e-06,5.66417155808413e-07,2.666102321724734e-07,1.2704896761306183e-07,1.032449013295145,0.014286401675987104
8.046112736318401e-06,4.933302956137113e-07,8.142349950248747e-06,5.014572293219656e-07,9.62372139303465e-08,1.2550836870443507e-08,1.0119489381387121,0.0011973487094990474
8.05918029850745e-06,4.537237430053441e-07,8.202191724709778e-06,4.807720585629698e-07,1.4301142620232697e-07,3.5834360375503083e-08,1.0176566985103108,0.003738604249097909
8.073849021558862e-06,4.658392539293871e-07,8.348524908789378e-06,4.869715963767133e-07,2.7467588723051645e-07,6.378037673257956e-08,1.0340092895452913,0.007393860886964889
7.95938441127694e-06,4.977006660904782e-07,8.059259220563841e-06,4.6119530126001315e-07,9.987480928690032e-08,3.7752369755859685e-08,1.0127816458748298,0.005720249656947335
7.97826424543946e-06,4.736705542524179e-07,8.110936500829176e-06,4.7624394400243193e-07,1.326722553897173e-07,2.8178993373090776e-09,1.0166564969737975,0.0007027341754985108
8.01074545605306e-06,4.7250101590707896e-07,8.269308789386391e-06,5.35089401670968e-07,2.585633333333306e-07,6.419519996001632e-08,1.0320370965110717,0.006370471513580425
7.946494875621882e-06,4.970503652286819e-07,8.074955970149245e-06,5.369623501240684e-07,1.2846109452736295e-07,6.810355360573907e-08,1.0160078660978844,0.007926689864402864
7.876886898839133e-06,4.7194937804637734e-07,8.054771542288548e-06,4.7508664879109713e-07,1.7788464344941555e-07,3.177936126912852e-08,1.0226258007869549,0.00403250457168539
7.953216434494186e-06,5.120892803276721e-07,8.270336832504138e-06,5.500516943062498e-07,3.1712039800995246e-07,6.205874007798457e-08,1.0397865430156423,0.006494584452539061
7.831951177446094e-06,4.944873613637823e-07,7.975792918739626e-06,5.409262898225051e-07,1.438417412935313e-07,5.4906281199268785e-08,1.0181612052915987,0.006171570182270883
7.809196533996679e-06,5.070269082688773e-07,7.983325240464335e-06,5.085525698968644e-07,1.7412870646765597e-07,2.3940389824756076e-08,1.0223586063813184,0.0032799645482709887
7.949262553897173e-06,4.783941004607206e-07,8.163582354892199e-06,4.906493229199011e-07,2.143198009950256e-07,7.77837319526949e-08,1.026990738356561,0.009476085683952461
8.781710514096176e-06,1.4441726632635453e-06,9.158929734660026e-06,1.4139497871633643e-06,3.7721922056385084e-07,1.4901252991997572e-07,1.0441991065159302,0.01854646868448858
8.595681708126028e-06,1.4217077536359241e-06,9.11442751243781e-06,1.377154174051626e-06,5.187458043117825e-07,1.2478352248782377e-07,1.0621714426534268,0.020118950013109604
8.553394908789381e-06,1.4993521999901147e-06,9.18528195688225e-06,1.412319548739248e-06,6.318870480928687e-07,2.559293297172886e-07,1.0769196677904216,0.03518770846381086
8.757077529021556e-06,1.5084599616063728e-06,9.085487678275291e-06,1.463148759190373e-06,3.284101492537359e-07,1.0637268661714996e-07,1.0389253378364505,0.015485576075130071
8.54839339966832e-06,1.402091778955189e-06,9.037724195688222e-06,1.3890664636709752e-06,4.893307960199022e-07,1.2766847352524603e-07,1.058553429217085,0.01775931207448758
8.52901933665008e-06,1.439874887948998e-06,9.198211575456049e-06,1.3499790476584742e-06,6.691922388059677e-07,1.8935559915848415e-07,1.0814914313023942,0.03143428058537227
8.720050016583743e-06,1.568579516298749e-06,9.020228938640133e-06,1.5123025993671904e-06,3.001789220563892e-07,1.8427705810793458e-07,1.0360306385159996,0.022065799863669064
8.467240414593693e-06,1.4165170859670348e-06,8.980096583747927e-06,1.377207823337652e-06,5.128561691542337e-07,1.7597041200397517e-07,1.062351501026486,0.02381479949444996
8.439760912106136e-06,1.3946974233392854e-06,9.154818557213926e-06,1.3972528228677784e-06,7.150576451077918e-07,2.421686689517268e-07,1.0864875137986394,0.030322129481965127
8.530680132669981e-06,1.5102911320780376e-06,8.893939784411276e-06,1.4260594520872042e-06,3.632596517412951e-07,1.6368515990135716e-07,1.04473276497148,0.02277269297360491
8.396011111111111e-06,1.431584263561265e-06,8.936761592039801e-06,1.433682114527488e-06,5.407504809286905e-07,1.3409958750429025e-07,1.0656684697068708,0.018093931702786677
8.342890912106133e-06,1.4272116630609808e-06,9.0594103814262e-06,1.3609484996700865e-06,7.165194693200662e-07,2.2889904014555348e-07,1.0887337074877448,0.0334677705883039
7.930461940298498e-06,1.4123572882768554e-06,8.355148242122718e-06,1.4151131026893356e-06,4.2468630182422177e-07,8.602744169390251e-08,1.0547100480705032,0.013586042936270255
7.992597081260359e-06,1.4353660285876088e-06,8.558396550580426e-06,1.3672479483773761e-06,5.657994693200674e-07,1.1254497192342107e-07,1.0735564955987689,0.024649204414472124
8.198257960199002e-06,1.4691599612846704e-06,8.928063665008292e-06,1.3928267747055094e-06,7.298057048092909e-07,1.7108188089030713e-07,1.0923011763407768,0.03128965276751805
9.036719817578777e-06,1.5772830301758368e-06,9.248863598673296e-06,1.532881678342298e-06,2.1214378109451937e-07,5.347807590656263e-08,1.0246174245988309,0.010102655834545277
8.747153316749583e-06,1.5477358257652084e-06,9.114213399668324e-06,1.5533569360226138e-06,3.6706008291874227e-07,8.616050525059114e-08,1.0427975329352988,0.011215311339542072
8.677882968490873e-06,1.5418083740404578e-06,9.223954228855718e-06,1.5032047611956988e-06,5.46071260364844e-07,1.5497684759382547e-07,1.0649356966837213,0.022480375541419694
9.001172819237147e-06,1.5470494468606738e-06,9.18949718076285e-06,1.5444558059141784e-06,1.8832436152570266e-07,2.860799198470208e-08,1.0213876663539174,0.0048689967963933085
8.681777562189048e-06,1.4333105406018694e-06,8.994547064676624e-06,1.4445609401035827e-06,3.1276950248757594e-07,8.806197720236584e-08,1.0365421514323943,0.010307145694566274
8.747015356550576e-06,1.5382374866598405e-06,9.246334494195679e-06,1.4674533166300042e-06,4.993191376451022e-07,1.39990382226522e-07,1.059400304551711,0.022739947582279256
8.862826351575453e-06,1.5841876864358658e-06,9.092806019900497e-06,1.5382635534373343e-06,2.2997966832504422e-07,8.960401679389233e-08,1.027166586957561,0.012534997281054304
8.664063747927027e-06,1.5216887408020735e-06,8.97972117744611e-06,1.4982612876804514e-06,3.1565742951908365e-07,8.433980543485527e-08,1.037546826052334,0.012439337677814721
8.6517275456053e-06,1.4831760620286662e-06,9.10883703150912e-06,1.5443053678368197e-06,4.5710948590382215e-07,1.4467880923741742e-07,1.0530413761100903,0.014443987442943047
8.717025058043112e-06,1.5390447381205636e-06,8.895898524046435e-06,1.531489451661525e-06,1.788734660033234e-07,1.1632902142553182e-07,1.0210084614601256,0.013007612032541648
8.46820940298507e-06,1.5206531313916304e-06,8.863950199004973e-06,1.5000463346390027e-06,3.9574079601990347e-07,7.322776786568824e-08,1.0480889366457586,0.013249123005684893
8.556024527363175e-06,1.4690728246405853e-06,9.004749436152572e-06,1.4567725138237996e-06,4.4872490878939693e-07,9.114661461442659e-08,1.0536962050870466,0.01421817707588132
7.993743781094523e-06,1.4116706266092028e-06,8.210949767827522e-06,1.3667423687127644e-06,2.172059867329989e-07,4.885636014158892e-08,1.0285642675225748,0.012161877822852262
8.092669502487556e-06,1.406553000893172e-06,8.378100381426206e-06,1.411776032151994e-06,2.8543087893864855e-07,4.271120039921018e-08,1.0359349457980007,0.007301020949322416
8.289177346600326e-06,1.4931273273439247e-06,8.673652388059693e-06,1.4938710294851829e-06,3.844750414593653e-07,7.63418803494041e-08,1.0474096600927358,0.011708881692394403
8.912366567164181e-06,1.5490905000597414e-06,8.758975704809282e-06,1.5074279493546777e-06,-1.5339086235489937e-07,6.119930392630511e-08,0.9830544870763704,0.005280477195303887
8.678258225538963e-06,1.4426543059607462e-06,8.53089723051409e-06,1.477724573212539e-06,-1.4736099502487341e-07,3.650394708162878e-08,0.9821875136038561,0.007536993292553839
8.661513250414587e-06,1.4613880788733554e-06,8.421158142620228e-06,1.4498848590099913e-06,-2.403551077943578e-07,2.7015659838164266e-08,0.9718576816667787,0.004240252719696463
8.836886500829182e-06,1.4664153531788755e-06,8.756287048092864e-06,1.5194115835870796e-06,-8.059945273631964e-08,5.360744755197803e-08,0.9899623159414451,0.008411340251535884
8.623694660033159e-06,1.4793873448883275e-06,8.457414825870644e-06,1.4616011659523962e-06,-1.662798341625156e-07,1.79442759633491e-08,0.9805587799803659,0.0014370398073710571
8.592795356550575e-06,1.4621875611399098e-06,8.403701857379766e-06,1.4354973615730344e-06,-1.8909349917080742e-07,5.244317393752729e-08,0.9779522208625734,0.004791313776410931
8.735174112769484e-06,1.5598603295061785e-06,8.677466384742949e-06,1.5645004449747195e-06,-5.7707728026535394e-08,5.9286006687372305e-09,0.9931648220022896,0.0019958865638927646
8.553592819237143e-06,1.4197363437582082e-06,8.391761210613595e-06,1.4479285777342077e-06,-1.6183160862354574e-07,3.542231879669922e-08,0.9803182277380053,0.007154337094813508
8.51994525704809e-06,1.4147173311946643e-06,8.292558059701489e-06,1.4783472125616242e-06,-2.2738719734660196e-07,7.180993382388873e-08,0.9718857527231158,0.013221393557546403
8.601909237147593e-06,1.4915295779636383e-06,8.5190951575456e-06,1.50371727562974e-06,-8.28140796019919e-08,2.168790944412049e-08,0.9900083404951276,0.00359675557483021
8.46735892205638e-06,1.444531246911038e-06,8.33907535655058e-06,1.4619521152650775e-06,-1.2828356550579751e-07,4.660641569884932e-08,0.9842358490818771,0.007565285032926584
8.507550132669982e-06,1.3597013111201756e-06,8.260234908789387e-06,1.4111892937808654e-06,-2.4731522388059605e-07,6.533777354568755e-08,0.9697209530318404,0.011979874197702016
7.93900265339966e-06,1.4279697874166541e-06,7.949499900497504e-06,1.4460036755075994e-06,1.049724709784333e-08,1.9130175700955388e-08,1.0010438652714118,0.002492471371133979
8.092234726368154e-06,1.4616330925009498e-06,7.958198208955216e-06,1.4153586844915026e-06,-1.3403651741293885e-07,4.6278682446477676e-08,0.9838010072893782,0.0030416808580831737
8.293091940298506e-06,1.4334540042803784e-06,8.144524660033169e-06,1.4413946630654332e-06,-1.4856728026533833e-07,1.4812748002296072e-08,0.9815593500208394,0.004888511937524436
8.638758855721384e-06,1.4355402679218604e-06,8.697612454394688e-06,1.5002081971904982e-06,5.885359867330284e-08,1.0244957126158631e-07,1.0061180811803312,0.01047891059159058
8.472933814262022e-06,1.3465203839333177e-06,8.643424792703144e-06,1.497163748272644e-06,1.7049097844112053e-07,1.9367637880661067e-07,1.0185713074089016,0.01982535250044523
8.421573084577116e-06,1.3869005472377744e-06,8.838331409618573e-06,1.6294123352005014e-06,4.167583250414586e-07,3.206879229625753e-07,1.0473488961449198,0.03092467198401322
8.622290862354882e-06,1.405328945347486e-06,8.642753233830836e-06,1.4604044295327328e-06,2.0462371475955182e-08,1.3137388223457955e-07,1.0018086709520768,0.013837046941128887
8.463128341625208e-06,1.357770502347137e-06,8.593151127694854e-06,1.5094124009422778e-06,1.3002278606964547e-07,2.1006681742906263e-07,1.0137411981743736,0.02210085531661569
8.420880945273627e-06,1.3351030094018353e-06,8.782835555555555e-06,1.543485803169562e-06,3.619546102819266e-07,3.356153010143468e-07,1.0413683434163217,0.033973353024909766
8.542522072968487e-06,1.4231573952809533e-06,8.575497097844106e-06,1.4836668584268776e-06,3.297502487562098e-08,1.1127053353354571e-07,1.00320532474435,0.011670821973057284
8.35259769485904e-06,1.3561535718359388e-06,8.520835257048088e-06,1.4557364837845914e-06,1.682375621890485e-07,1.4234019604695708e-07,1.019268031652448,0.013912466353891517
8.40745737976782e-06,1.3239745421845667e-06,8.791218922056382e-06,1.537032374551003e-06,3.8376154228856197e-07,3.1700653263585596e-07,1.0438996783497776,0.03184957849270243
8.4375863681592e-06,1.47621387540791e-06,8.472340746268652e-06,1.5401909063638518e-06,3.4754378109452297e-08,9.233116761091079e-08,1.0033486745718536,0.009697807888046707
8.296650248756222e-06,1.3541158576450367e-06,8.47924021558872e-06,1.5136668506971814e-06,1.825899668324967e-07,1.8238553832243952e-07,1.0202926825507173,0.018418644630604365
8.33401452736318e-06,1.2958115637719702e-06,8.725032504145934e-06,1.523291147320203e-06,3.9101797678275345e-07,3.058986559335176e-07,1.0449973766597223,0.0301889999927481
7.960788341625205e-06,1.3788202593894737e-06,8.129143996683248e-06,1.4414516062576707e-06,1.6835565505804348e-07,1.0397166530835982e-07,1.020720089252811,0.010340413784127119
8.037335107794354e-06,1.373110058688385e-06,8.261915572139303e-06,1.505763401152835e-06,2.2458046434494719e-07,1.4430457914478737e-07,1.0265391895206235,0.013761534759355902
8.327233847429519e-06,1.3879118749932433e-06,8.632787960199006e-06,1.584474887465052e-06,3.055541127694876e-07,2.93920071567005e-07,1.0349902790058616,0.029455470611454558
7.892661691542286e-06,3.2913670667346534e-06,7.674154361525711e-06,3.131376800888284e-06,-2.1850733001657484e-07,1.6345997834213747e-07,0.974410626432474,0.008684606816343704
7.64283746268657e-06,3.12393128921665e-06,7.48245016583748e-06,2.992217858467593e-06,-1.6038729684909278e-07,1.3302883671739626e-07,0.9811092235090508,0.007942061203863387
7.597585422885575e-06,3.0711360607561883e-06,7.5360854394693214e-06,2.9363292423129454e-06,-6.149998341625465e-08,1.3839340748449227e-07,0.9953729412973251,0.013295081377552318
7.87548199004975e-06,3.371981780844959e-06,7.642008689883918e-06,3.1581623544306634e-06,-2.3347330016583208e-07,2.1382311701649848e-07,0.9741719100995962,0.013491864933419476
7.616524394693202e-06,3.157231524695507e-06,7.487175572139306e-06,2.9981757082611885e-06,-1.2934882255389522e-07,1.590707169826265e-07,0.9865644825138654,0.013017290535053157
7.5603401160862395e-06,3.0519810194544103e-06,7.515603747927035e-06,2.9638864514091836e-06,-4.473636815920392e-08,1.0469252263364611e-07,0.9961603528140953,0.011411803948832885
7.815303963515754e-06,3.3296160568384615e-06,7.582264941956888e-06,3.1327391290004655e-06,-2.3303902155886715e-07,1.9728827287777452e-07,0.9735287710686961,0.012366617240152072
7.5698491376451145e-06,3.1479185174026067e-06,7.4433854063018296e-06,3.011348950520197e-06,-1.2646373134328603e-07,1.3871504868381285e-07,0.986029112399136,0.010193025554863386
7.5364190547263725e-06,3.106291061518282e-06,7.491721873963516e-06,2.982650054456645e-06,-4.469718076285778e-08,1.3572289976023069e-07,0.9979882743647351,0.018257179219300163
7.731979751243783e-06,3.3186458217263227e-06,7.533650547263683e-06,3.0984632628264784e-06,-1.9832920398010092e-07,2.2055491343040024e-07,0.9789103163386409,0.015941104087717716
7.483358905472638e-06,3.0882011919892164e-06,7.420750398009948e-06,2.966870863622662e-06,-6.260850746268888e-08,1.2155067980997266e-07,0.9949234563279421,0.012314501000303674
7.45987300165838e-06,3.0588087299463087e-06,7.42231129353234e-06,2.9045796541463133e-06,-3.756170812603922e-08,1.5540436009535218e-07,0.999597453644674,0.01695982925308127
6.977222868988388e-06,2.741391444034031e-06,7.0733808291873964e-06,2.8046932302609643e-06,9.615796019900841e-08,7.434709898493241e-08,1.013102618243267,0.00710575561572693
7.087258059701496e-06,2.815283889904693e-06,7.204924610281928e-06,2.808959441141619e-06,1.1766655058043048e-07,6.415276137704471e-08,1.0188006454040417,0.014937394497603809
7.291002139303482e-06,2.9740912227105986e-06,7.299423366500829e-06,2.879059862303771e-06,8.421227197347476e-09,9.768650763981062e-08,1.0046820506706255,0.014182468108677848
8.155181608623546e-06,3.4659651038808957e-06,8.07436245439469e-06,3.446987842827133e-06,-8.081915422885781e-08,1.929259957558284e-08,0.9895839674198438,0.0019507557335261558
7.776045555555559e-06,3.241277643967653e-06,7.788716915422886e-06,3.2645402857603643e-06,1.2671359867326594e-08,2.3266805429215463e-08,1.0010410687722835,0.002127574289005736
7.724567412935325e-06,3.2377871415470753e-06,7.82574520729685e-06,3.2441904420293917e-06,1.0117779436152551e-07,3.02244208219132e-08,1.0141711144152128,0.005850045979512187
8.142155456053069e-06,3.5583809549768537e-06,8.042318341625206e-06,3.520300563970592e-06,-9.98371144278618e-08,4.030495723593174e-08,0.9876179020332175,0.0020682763941604477
7.793580978441123e-06,3.2892450259005717e-06,7.813684892205637e-06,3.2733805471672197e-06,2.0103913764512593e-08,4.816873851802214e-08,1.0036298399658976,0.008791967762322704
7.75167228855721e-06,3.231776772884469e-06,7.79666456053068e-06,3.261140002604682e-06,4.499227197346731e-08,2.9366417314388448e-08,1.0054557287138322,0.001257710189961913
8.060346268656722e-06,3.4899055578898805e-06,8.01701207296849e-06,3.42776768554077e-06,-4.3334195688232615e-08,7.215858139065806e-08,0.9962457135718311,0.008688332893965214
7.743406185737977e-06,3.261450052839452e-06,7.74520587064677e-06,3.2566109326770666e-06,1.7996849087913672e-09,1.2574250627682702e-08,1.0003641033479374,0.0018961208245051849
7.723953897180763e-06,3.315671056303084e-06,7.776261393034828e-06,3.2955219875131566e-06,5.2307495854064825e-08,2.612852905180409e-08,1.008151913453112,0.005232955494135577
8.033915704809287e-06,3.537204590644128e-06,7.921980099502488e-06,3.4713383144012425e-06,-1.1193560530679905e-07,7.06122330934923e-08,0.986770233340502,0.0050229860480090665
7.695168126036484e-06,3.1762249178770033e-06,7.64521129353234e-06,3.233202127031828e-06,-4.995683250414461e-08,7.82746313824431e-08,0.9912132192086184,0.011201499252023394
7.652903117744616e-06,3.226007450000721e-06,7.655512371475958e-06,3.2383583123514155e-06,2.609253731343409e-09,2.5957823766738158e-08,0.9998487123188236,0.004423906848972546
6.964291194029851e-06,2.791655893394217e-06,7.0895116252072975e-06,2.800043945515947e-06,1.252204311774471e-07,3.099437636566073e-08,1.0196613552969265,0.008911260600284958
7.210562056384745e-06,2.885542689130683e-06,7.265657645107794e-06,2.9206369884368665e-06,5.509558872304899e-08,4.576932251258563e-08,1.0070523082543763,0.005874378295561572
7.4699543946932024e-06,3.1282102730244935e-06,7.47683447761194e-06,3.108975428905886e-06,6.880082918738785e-09,2.0549641472308162e-08,1.0017252456511077,0.003319952160561136
7.904976434494194e-06,3.3404912622362624e-06,7.91480373134328e-06,3.2699681070422975e-06,9.827296849086092e-09,7.069010740067215e-08,1.00367270223695,0.008633119417716374
7.601875140961862e-06,3.1238369389085504e-06,7.6090906633499206e-06,3.0461528084848286e-06,7.215522388059839e-09,7.930441436733045e-08,1.0035509410234356,0.009604237748691848
7.585684112769488e-06,3.08353812671605e-06,7.4969015257048115e-06,2.9509411780010436e-06,-8.878258706467641e-08,1.3364646671625572e-07,0.9914093369857753,0.01154333285550303
7.917671625207296e-06,3.412693838109385e-06,7.927672338308458e-06,3.367404002226187e-06,1.0000713101161976e-08,6.696239871615357e-08,1.0027025826406493,0.008807759297306707
7.62872393034826e-06,3.1776141434279046e-06,7.595629004975128e-06,3.113396943020536e-06,-3.3094925373131134e-08,7.053090810813665e-08,0.9972258709048356,0.006921427798529172
7.5499805472636835e-06,3.0933325454240483e-06,7.4910688225538985e-06,2.9654306374264854e-06,-5.891172470978471e-08,1.2897820328995566e-07,0.9955759940436875,0.012424355686917478
7.844504228855722e-06,3.382305358117673e-06,7.845293946932005e-06,3.3466689429991896e-06,7.897180762820504e-10,4.034853648423044e-08,1.0012288127886173,0.004663020319208674
7.5638198175787815e-06,3.173771164878017e-06,7.567733333333336e-06,3.1134612896153173e-06,3.913515754555671e-09,6.077861773994394e-08,1.0026079210480523,0.0074744251841898125
7.530960082918745e-06,3.189172669082187e-06,7.4501079436152624e-06,3.0135022989678174e-06,-8.085213930348196e-08,1.7910597637535106e-07,0.9940231852098561,0.017147310507074857
7.774224378109453e-06,3.3458903961427677e-06,7.812301990049752e-06,3.2793586402994056e-06,3.807761194029795e-08,6.748792479458429e-08,1.007687262165261,0.009727246823944108
7.4287365505804365e-06,3.118167180885445e-06,7.498402205638476e-06,3.0700571726341576e-06,6.966565505804009e-08,4.9742126437783457e-08,1.0121502430686806,0.010548549360497412
7.418140199004976e-06,3.1129968287769706e-06,7.44607525704809e-06,2.9839131643305896e-06,2.7935058043114073e-08,1.2908623098414774e-07,1.0087003620693547,0.017853603497416038
6.982323316749586e-06,2.7494568934642544e-06,7.055330646766169e-06,2.764826320214209e-06,7.300733001658331e-08,1.6565043514370032e-08,1.0109563859677868,0.002353346949277012
7.075397313432837e-06,2.8534706871222416e-06,7.135516533996685e-06,2.787835386188785e-06,6.011922056384814e-08,6.563608816944711e-08,1.0116771363965187,0.01196564067666747
7.271846235489222e-06,3.011586858011127e-06,7.2777752072968516e-06,2.949593503221996e-06,5.928971807631062e-09,6.238658785191216e-08,1.0031228960446354,0.008704921272066526
7.519496932006636e-06,3.0968722471430437e-06,7.775552520729685e-06,3.2092081846645953e-06,2.560555887230497e-07,1.1479249270402944e-07,1.0339346819394397,0.004020664577730884
7.278013897180761e-06,2.922916123172344e-06,7.733660431177447e-06,3.1488571195194887e-06,4.556465339966858e-07,2.2984271724717147e-07,1.061357449817258,0.008374085487842143
7.230883366500832e-06,2.828627836755231e-06,8.121690182421228e-06,3.3518768944182105e-06,8.908068159203972e-07,5.297492144715817e-07,1.1178107452248025,0.024212396965597103
7.46427983416252e-06,3.0995062885893317e-06,7.78213368159204e-06,3.254771605068936e-06,3.1785384742951874e-07,1.5705288191565618e-07,1.0416766580252508,0.0056280954228052765
7.257057446102821e-06,2.897566653121127e-06,7.763413101160863e-06,3.199335086803321e-06,5.063556550580431e-07,3.100229546962912e-07,1.0667773669599638,0.01591217238828656
7.190218872305144e-06,2.820379722098544e-06,8.116313233830844e-06,3.382814295568362e-06,9.260943615257019e-07,5.722404978130316e-07,1.1226938272287195,0.0288422834289867
7.432075804311774e-06,3.071643782237415e-06,7.76460054726368e-06,3.227941599697638e-06,3.32524742951906e-07,1.5636450125208868e-07,1.044070260209974,0.0026950268040198747
7.210303366500828e-06,2.951662482128562e-06,7.75089709784411e-06,3.2718131948200663e-06,5.405937313432822e-07,3.201797929628046e-07,1.0715378530691242,0.01263222388962765
7.153940878938638e-06,2.796984569270559e-06,8.117817280265339e-06,3.510471298130887e-06,9.638764013267002e-07,7.192180952371821e-07,1.1238665633990552,0.043266833987145724
7.368577694859039e-06,3.0043768992192377e-06,7.69637575456053e-06,3.1859218123984945e-06,3.277980597014924e-07,1.8602463312950143e-07,1.0430649791580968,0.008220603095537023
7.1742846434494225e-06,2.853077033699889e-06,7.72482281923715e-06,3.1959272089838904e-06,5.505381757877293e-07,3.4359710599930847e-07,1.072609431527975,0.015694475296873445
7.119106252072967e-06,2.779831617075782e-06,8.142646998341624e-06,3.5129717324366608e-06,1.0235407462686556e-06,7.367671030348936e-07,1.132855292628123,0.042730834929082445
6.92406353233831e-06,2.667226086971779e-06,7.325302023217245e-06,2.9365553034300333e-06,4.0123849087893463e-07,2.7474663165785317e-07,1.0542856572716823,0.016395478350114748
6.973269684908793e-06,2.6481105086779123e-06,7.595133946932009e-06,3.1430367764547163e-06,6.218642620232164e-07,5.000496216743851e-07,1.0808346322420646,0.03417009305643064
7.047463084577116e-06,2.7804993484324976e-06,8.025689734660036e-06,3.513242965858264e-06,9.782266500829196e-07,7.361919442110358e-07,1.1272220299601206,0.04475130190445993
9.087444610281923e-06,3.0082009601047313e-06,8.891334543946936e-06,3.050404095450657e-06,-1.9611006633498785e-07,4.420105784510337e-08,0.9751548450153263,0.014806786247952888
8.672069601990052e-06,2.9317314847714138e-06,8.547385456053074e-06,3.0082626353605994e-06,-1.2468414593697964e-07,7.729727052999199e-08,0.9817095427910552,0.017401063869602156
8.537796782752905e-06,2.9406805392898884e-06,8.533942106135991e-06,3.0447218350004506e-06,-3.854676616915419e-09,1.105538154088344e-07,0.9960474443219495,0.015369397225525895
9.101004742951908e-06,3.0642052421776596e-06,8.86968671641791e-06,3.100294975900814e-06,-2.313180265339979e-07,4.7230079165678085e-08,0.9710787213559037,0.015646082991552866
8.658568988391385e-06,2.9550231807503165e-06,8.55378938640133e-06,3.0296212742998442e-06,-1.0477960199005474e-07,7.683787199563267e-08,0.9842479792698384,0.016047601486023844
8.571068822553903e-06,2.9439311125993996e-06,8.510457014925378e-06,3.0008865758502953e-06,-6.061180762852588e-08,5.94362110017203e-08,0.9901837118566892,0.012485153696855494
9.059136252072971e-06,2.9790862664941204e-06,8.841833366500835e-06,3.0110462755287056e-06,-2.1730288557213638e-07,3.202135180688458e-08,0.9728402752129899,0.014568241679638943
8.669757280265345e-06,2.9056860670591936e-06,8.498356484245444e-06,3.000167226434116e-06,-1.714007960199021e-07,1.035508799077757e-07,0.9754154476098785,0.021605696218024033
8.555509121061365e-06,2.9448043018076247e-06,8.449507097844117e-06,3.0442536529503187e-06,-1.060020232172476e-07,1.0408999790671722e-07,0.9830432512917869,0.019909666675466984
9.005817263681595e-06,2.9232284384580698e-06,8.771177529021563e-06,3.014020493038345e-06,-2.3463973466002986e-07,9.385800573802964e-08,0.9689877137283,0.022919701658211042
8.616321094527366e-06,2.8670799009424923e-06,8.44521809286899e-06,2.958003252803297e-06,-1.711030016583777e-07,1.0304451441796718e-07,0.9755197350892583,0.020966767223401763
8.574132039801e-06,2.849798119545712e-06,8.419814245439476e-06,2.9422755350166663e-06,-1.5431779436152275e-07,9.900095166909682e-08,0.9771654947767129,0.022882455429237995
7.705446467661691e-06,2.6487241687555603e-06,7.826652205638474e-06,2.722649713780267e-06,1.2120573797678233e-07,7.413815935978446e-08,1.0144762092041626,0.0056646228538308864
8.010092703150916e-06,2.6981822237653636e-06,8.03397535655058e-06,2.785537176336094e-06,2.3882653399663564e-08,9.457255844087113e-08,1.0003399340560533,0.012022761095667408
8.311675273631842e-06,2.793614919299343e-06,8.172162703150915e-06,2.838931513810396e-06,-1.3951257048092812e-07,4.658718087980263e-08,0.9800212988456467,0.014613809742002156
9.474270248756217e-06,3.1035180528091357e-06,9.450408524046434e-06,3.1254585879998896e-06,-2.386172470978519e-08,3.980132189322763e-08,0.9967424267026553,0.0043284608293463886
8.988560281923718e-06,3.0002755771366863e-06,9.046877645107796e-06,3.0796312873753353e-06,5.831736318407924e-08,7.988027891840944e-08,1.0046302950981179,0.008349898635176833
8.953706932006634e-06,3.039942506268546e-06,9.094441194029847e-06,3.193511488717966e-06,1.4073426202321227e-07,1.5362848898030985e-07,1.0122555845861754,0.015494344434694335
9.467254378109456e-06,3.097901743556538e-06,9.407707147595358e-06,3.174126014312716e-06,-5.954723051409781e-08,7.772084705490677e-08,0.9909541544179935,0.01263436736242098
8.968968175787728e-06,3.0139013258254625e-06,9.031594825870648e-06,3.102883233000851e-06,6.262665008291855e-08,8.940506538429098e-08,1.004843034031106,0.009558086552968904
8.929746384742952e-06,3.0532719586325233e-06,9.040074859038142e-06,3.196534910533609e-06,1.1032847429518948e-07,1.4474294352735498e-07,1.0089615238501304,0.014888434685187552
9.440999270315094e-06,3.084865104076029e-06,9.438608938640135e-06,3.1545490993806748e-06,-2.3903316749589914e-09,6.996275657365358e-08,0.9976687216754411,0.00971840338340283
8.953806169154232e-06,2.957891630385744e-06,9.010522570480927e-06,3.042298200629457e-06,5.671640132669417e-08,8.445209473267061e-08,1.0042937820572675,0.009313052094915607
8.93749479270315e-06,2.971533648547589e-06,9.053874759535655e-06,3.1467151946169417e-06,1.1637996683250473e-07,1.753439198323778e-07,1.0087339402236422,0.019423316061416826
9.391595389718075e-06,2.998732429800059e-06,9.361821326699833e-06,3.070820665140892e-06,-2.9774063018242568e-08,7.319525093698044e-08,0.9944736599879983,0.011390251776013504
8.863598374792708e-06,2.9305333706561984e-06,8.940183615257053e-06,3.012293438215723e-06,7.658524046434381e-08,8.182335268802081e-08,1.0068827693129296,0.008010928047369536
8.909958540630184e-06,2.935077706166863e-06,9.016965008291873e-06,3.0465358790360974e-06,1.0700646766168958e-07,1.115018461021089e-07,1.0096282079826315,0.010993854323546173
7.724208192371475e-06,2.668833184676123e-06,7.873091857379768e-06,2.727740038575986e-06,1.4888366500829293e-07,6.191890725395531e-08,1.019103163048633,0.0022625583427796614
8.16028064676617e-06,2.7223565515814716e-06,8.246297230514097e-06,2.797191702513053e-06,8.601658374792721e-08,7.521613410856379e-08,1.0089826073022417,0.007007488623704473
8.625395439469326e-06,2.8585768528505138e-06,8.628341791044781e-06,2.9435421780649253e-06,2.946351575454949e-09,1.074419991599253e-07,0.9979014949498642,0.012317058355421327
9.116919170812603e-06,3.053856911663209e-06,9.090309237147597e-06,3.0090719967584386e-06,-2.6609933665006645e-08,4.530752757522381e-08,0.9981767458671905,0.004905691056538465
8.678139684908797e-06,2.9491473773221424e-06,8.63209635157546e-06,2.928366727957072e-06,-4.6043333333336715e-08,2.9538283056386643e-08,0.9947732093477578,0.002128232986410586
8.588960928689894e-06,2.996589125304228e-06,8.404057844112771e-06,2.896608978852534e-06,-1.849030845771231e-07,1.0174272137435025e-07,0.9798156376158658,0.006368771018145782
9.11494215588723e-06,3.0627144029287905e-06,9.10112374792703e-06,3.040870972050514e-06,-1.3818407960199246e-08,2.7369685767785704e-08,0.9990963244067158,0.0033504108313756995
8.664695688225544e-06,2.9453910549292775e-06,8.61127925373135e-06,2.8906753163620837e-06,-5.341643449419321e-08,6.335336731137505e-08,0.994922336715204,0.005455302570561761
8.608691210613604e-06,2.9723832049755797e-06,8.449546451077948e-06,2.9058273905465e-06,-1.5914475953565648e-07,6.89824355907379e-08,0.9820017572929052,0.0030134748200615295
9.09594339966832e-06,3.004228623504981e-06,9.085823233830845e-06,2.9436092856572397e-06,-1.0120165837475344e-08,6.065809928229574e-08,1.0006413967294583,0.008009487240893893
8.675985522388063e-06,2.9255663656051e-06,8.605861757877288e-06,2.8795809739938647e-06,-7.012376451077648e-08,5.0032095436466934e-08,0.9927484219963688,0.0044611727926397345
8.630634228855729e-06,2.9682056990074427e-06,8.468544643449423e-06,2.857175671479618e-06,-1.6208958540630627e-07,1.16183940006418e-07,0.9832781283979527,0.010134199881392728
9.062200812603648e-06,2.9176328580326466e-06,9.012460912106136e-06,2.894271791773865e-06,-4.973990049751076e-08,2.7068510688518803e-08,0.9946778236081918,0.001467786207944833
8.604064129353238e-06,2.921461236476722e-06,8.55222976782753e-06,2.8344042944981545e-06,-5.1834361525708714e-08,8.706667487585579e-08,0.9963111827762717,0.010439843340287741
8.609579883913769e-06,2.874955151062723e-06,8.491715837479274e-06,2.762152901236407e-06,-1.178640464344947e-07,1.1391730786854184e-07,0.9887952800743021,0.011596310743238416
7.657328656716421e-06,2.6543676830158553e-06,7.714460464344945e-06,2.6464134807668176e-06,5.713180762852415e-08,2.9230679903200273e-08,1.0083827856612788,0.00481850271898694
8.018792752902157e-06,2.722787127456466e-06,7.980951890547266e-06,2.635691670368891e-06,-3.7840862354892204e-08,8.960987381451453e-08,0.9980665198950792,0.012947273594669446
8.349493499170811e-06,2.851162070897406e-06,8.215022388059704e-06,2.7545960284591485e-06,-1.3447111111110933e-07,9.804350824487837e-08,0.9855742694689867,0.007413960688309976
8.573144643449428e-06,2.9643629677235884e-06,9.0017851907131e-06,2.969329276393976e-06,4.28640547263672e-07,6.185429248181246e-09,1.054995093086207,0.021939054866966283
8.155201077943622e-06,2.860200344587764e-06,8.919980116086236e-06,2.9595538354875136e-06,7.647790381426144e-07,1.0583134490086525e-07,1.099881749336892,0.026107338828624344
7.992775290215591e-06,2.8282815787193893e-06,9.349487479270315e-06,3.036976469340457e-06,1.3567121890547246e-06,2.0884683919375155e-07,1.1801950050681722,0.044612660677850365
8.555510414593705e-06,2.9845204219612602e-06,8.991761459369817e-06,2.9911134921293236e-06,4.362510447761109e-07,1.81152970772198e-08,1.0560588971446159,0.021828240980012095
8.112934560530681e-06,2.8825324526279368e-06,8.897245655058044e-06,2.95831878462615e-06,7.843110945273639e-07,8.141603844284823e-08,1.1042484370035648,0.03200252929461898
7.998883814262024e-06,2.814883343020454e-06,9.359251326699833e-06,2.989972158550349e-06,1.360367512437809e-06,1.771204756671105e-07,1.181436872254482,0.04861808149950625
8.511425456053074e-06,2.890265565226936e-06,8.983143731343286e-06,2.88506101665036e-06,4.717182752902114e-07,1.6424624888814782e-08,1.0611765368558048,0.025891240249562106
8.10383850746269e-06,2.827439624929095e-06,8.92098771144279e-06,2.9237758745976057e-06,8.171492039800997e-07,1.0664719838340719e-07,1.108136282523705,0.03276273050671058
7.990896699834167e-06,2.8519273332528217e-06,9.397169402985078e-06,3.009239224457371e-06,1.4062727031509124e-06,1.573465396542158e-07,1.1894803175537436,0.05720764714153291
8.43165512437811e-06,2.8865426368085106e-06,8.902307396351575e-06,2.8919313174779123e-06,4.7065227197346397e-07,2.4566120131724752e-08,1.0611067954883904,0.02317695068304254
8.081342835820897e-06,2.8050911161694295e-06,8.929074660033168e-06,2.8920546444920436e-06,8.47731824212271e-07,8.714496192581104e-08,1.1125497861285358,0.03350478006861947
7.903338905472639e-06,2.789081206370215e-06,9.397625489220562e-06,2.9463458121640125e-06,1.4942865837479229e-06,1.5729326641280586e-07,1.203380790557227,0.06151296749578408
7.556109900497513e-06,2.6283541275363915e-06,8.221844129353232e-06,2.7022889948198856e-06,6.65734228855721e-07,7.393969425019081e-08,1.0943201098361521,0.02706712072657617
7.73065353233831e-06,2.668438963121964e-06,8.662107164179113e-06,2.7841554191503082e-06,9.314536318408014e-07,1.2273543238391623e-07,1.1281197559734182,0.03316313557882378
7.769044378109455e-06,2.70066785014794e-06,9.337466484245441e-06,2.9022467280830215e-06,1.5684221061359884e-06,2.0987478867603888e-07,1.2146835019967581,0.05525697858246818
