Time,Current SMUb (A),Current SMUb (A),Current SMUb (A),Current SMUb (A),Current SMUb (A)
0.0,2.37226e-05,2.37107e-05,2.36511e-05,2.36273e-05,2.3663e-05
0.100001,2.31743e-05,2.31266e-05,2.3067e-05,2.30312e-05,2.30551e-05
0.200002,2.32458e-05,2.3222e-05,2.31504e-05,2.31028e-05,2.31743e-05
0.300003,2.33293e-05,2.32935e-05,2.321e-05,2.31862e-05,2.31862e-05
0.400004,2.33769e-05,2.33531e-05,2.33054e-05,2.32577e-05,2.32339e-05
0.500005,2.34127e-05,2.34127e-05,2.33412e-05,2.32816e-05,2.33173e-05
0.600006,2.35081e-05,2.34604e-05,2.33889e-05,2.33293e-05,2.33531e-05
0.700007,2.35319e-05,2.35081e-05,2.34485e-05,2.33769e-05,2.34246e-05
0.800008,2.35677e-05,2.35319e-05,2.34723e-05,2.34365e-05,2.34485e-05
0.900009,2.36034e-05,2.35796e-05,2.34723e-05,2.34842e-05,2.34842e-05
1.00001,2.36034e-05,2.36034e-05,2.35558e-05,2.352e-05,2.35319e-05
1.10001,2.36392e-05,2.36154e-05,2.35319e-05,2.35319e-05,2.35558e-05
1.20001,2.36392e-05,2.35915e-05,2.35438e-05,2.35558e-05,2.35677e-05
1.30001,2.3663e-05,2.36392e-05,2.35677e-05,2.35915e-05,2.35915e-05
1.40001,2.36988e-05,2.36988e-05,2.36034e-05,2.36034e-05,2.36273e-05
1.50001,2.37346e-05,2.37226e-05,2.36392e-05,2.36154e-05,2.36034e-05
1.60002,2.37346e-05,2.37226e-05,2.3663e-05,2.36511e-05,2.36511e-05
1.70002,2.37823e-05,2.37226e-05,2.36869e-05,2.36154e-05,2.36392e-05
1.80002,2.37823e-05,2.37703e-05,2.36988e-05,2.3663e-05,2.36869e-05
1.90002,2.3818e-05,2.37465e-05,2.36869e-05,2.36392e-05,2.36988e-05
2.00002,2.3818e-05,2.37226e-05,2.37703e-05,2.3663e-05,2.36988e-05
2.10002,2.38061e-05,2.37942e-05,2.37346e-05,2.36988e-05,2.37226e-05
2.20002,2.38299e-05,2.38061e-05,2.37703e-05,2.3675e-05,2.37703e-05
2.30002,2.38419e-05,2.3818e-05,2.37703e-05,2.37465e-05,2.37584e-05
2.40002,2.38419e-05,2.38538e-05,2.37823e-05,2.37465e-05,2.37823e-05
2.50002,2.38776e-05,2.38299e-05,2.37465e-05,2.37465e-05,2.38061e-05
2.60003,2.38776e-05,2.38419e-05,2.37584e-05,2.37346e-05,2.3818e-05
2.70003,2.38895e-05,2.38419e-05,2.37942e-05,2.37703e-05,2.37942e-05
2.80003,2.39134e-05,2.38776e-05,2.3818e-05,2.37942e-05,2.3818e-05
2.90003,2.39134e-05,2.38776e-05,2.3818e-05,2.37823e-05,2.37942e-05
3.00003,2.39372e-05,2.38776e-05,2.3818e-05,2.37942e-05,2.38061e-05
3.10003,2.39253e-05,2.38895e-05,2.37823e-05,2.3818e-05,2.3818e-05
3.20003,2.39253e-05,2.38895e-05,2.38061e-05,2.38061e-05,2.3818e-05
3.30003,2.39372e-05,2.38895e-05,2.37942e-05,2.37942e-05,2.38419e-05
3.40003,2.39611e-05,2.39015e-05,2.37942e-05,2.37942e-05,2.38538e-05
3.50004,2.39611e-05,2.38776e-05,2.38299e-05,2.3818e-05,2.38657e-05
3.60004,2.39611e-05,2.39134e-05,2.38419e-05,2.38538e-05,2.39015e-05
3.70004,2.39372e-05,2.39611e-05,2.38657e-05,2.38538e-05,2.39015e-05
3.80004,2.39372e-05,2.39372e-05,2.38776e-05,2.38419e-05,2.38895e-05
3.90004,2.39968e-05,2.39015e-05,2.38776e-05,2.38657e-05,2.39372e-05
4.00004,2.39849e-05,2.39253e-05,2.39015e-05,2.38538e-05,2.39372e-05
4.10004,2.40326e-05,2.39491e-05,2.38895e-05,2.38419e-05,2.39253e-05
4.20004,2.40207e-05,2.39372e-05,2.38895e-05,2.38776e-05,2.3973e-05
4.30004,2.40088e-05,2.3973e-05,2.39015e-05,2.38895e-05,2.39611e-05
4.40004,2.40088e-05,2.39849e-05,2.39134e-05,2.38895e-05,2.39491e-05
4.50005,2.40564e-05,2.39611e-05,2.39015e-05,2.38895e-05,2.39015e-05
4.60005,2.40684e-05,2.3973e-05,2.39134e-05,2.38776e-05,2.39491e-05
4.70005,2.40684e-05,2.39849e-05,2.39372e-05,2.39134e-05,2.39491e-05
4.80005,2.40445e-05,2.40088e-05,2.39611e-05,2.39134e-05,2.39253e-05
4.90005,2.40564e-05,2.40207e-05,2.3973e-05,2.39372e-05,2.39372e-05
5.00005,2.40684e-05,2.40088e-05,2.39968e-05,2.39491e-05,2.3973e-05
5.10005,2.40803e-05,2.40445e-05,2.39849e-05,2.39372e-05,2.39611e-05
5.20005,2.41041e-05,2.40445e-05,2.39968e-05,2.39372e-05,2.3973e-05
5.30005,2.4128e-05,2.40326e-05,2.39849e-05,2.39611e-05,2.39611e-05
5.40005,2.41041e-05,2.40684e-05,2.40088e-05,2.39491e-05,2.39968e-05
5.50005,2.4128e-05,2.40803e-05,2.40207e-05,2.39611e-05,2.39968e-05
5.60006,2.4128e-05,2.40445e-05,2.40326e-05,2.3973e-05,2.39849e-05
5.70006,2.41399e-05,2.40207e-05,2.39968e-05,2.39849e-05,2.39611e-05
5.80006,2.41399e-05,2.40564e-05,2.39849e-05,2.40088e-05,2.3973e-05
5.90006,2.41876e-05,2.40684e-05,2.40207e-05,2.40207e-05,2.40207e-05
6.00006,2.41637e-05,2.40922e-05,2.40207e-05,2.40326e-05,2.40207e-05
6.10006,2.41518e-05,2.40803e-05,2.40445e-05,2.40564e-05,2.40445e-05
6.20006,2.41637e-05,2.40803e-05,2.40326e-05,2.40564e-05,2.40445e-05
6.30006,2.41637e-05,2.41041e-05,2.40564e-05,2.40684e-05,2.39968e-05
6.40006,2.41876e-05,2.40684e-05,2.40684e-05,2.40088e-05,2.40684e-05
6.50006,2.41756e-05,2.41041e-05,2.40684e-05,2.40088e-05,2.40564e-05
6.60007,2.41637e-05,2.4116e-05,2.40564e-05,2.40445e-05,2.40684e-05
6.70007,2.41995e-05,2.41041e-05,2.40684e-05,2.40207e-05,2.40803e-05
6.80007,2.42114e-05,2.4116e-05,2.40684e-05,2.40326e-05,2.40684e-05
6.90007,2.42233e-05,2.4128e-05,2.40803e-05,2.40326e-05,2.40684e-05
7.00007,2.42233e-05,2.4116e-05,2.40803e-05,2.40207e-05,2.40564e-05
7.10007,2.42352e-05,2.4128e-05,2.4116e-05,2.40326e-05,2.40445e-05
7.20007,2.42352e-05,2.4116e-05,2.40922e-05,2.40207e-05,2.40564e-05
7.30007,2.42472e-05,2.41518e-05,2.4116e-05,2.40326e-05,2.40803e-05
7.40007,2.42472e-05,2.4128e-05,2.4128e-05,2.40445e-05,2.40803e-05
7.50007,2.42352e-05,2.41399e-05,2.4116e-05,2.40326e-05,2.40684e-05
7.60008,2.42591e-05,2.4128e-05,2.4116e-05,2.40445e-05,2.40684e-05
7.70008,2.42591e-05,2.41399e-05,2.41518e-05,2.40564e-05,2.40803e-05
7.80008,2.42352e-05,2.4128e-05,2.41518e-05,2.40922e-05,2.41041e-05
7.90008,2.42233e-05,2.41399e-05,2.41041e-05,2.40684e-05,2.4116e-05
8.00008,2.42233e-05,2.41637e-05,2.4128e-05,2.40922e-05,2.4128e-05
8.10008,2.4271e-05,2.41518e-05,2.4116e-05,2.40564e-05,2.4128e-05
8.20008,2.42472e-05,2.41041e-05,2.4116e-05,2.40445e-05,2.4128e-05
8.30008,2.42352e-05,2.4116e-05,2.4128e-05,2.40922e-05,2.4128e-05
8.40008,2.42472e-05,2.4116e-05,2.4128e-05,2.40922e-05,2.41518e-05
8.50009,2.42472e-05,2.4116e-05,2.41399e-05,2.40922e-05,2.41637e-05
8.60009,2.42352e-05,2.41399e-05,2.4128e-05,2.4116e-05,2.4128e-05
8.70009,2.42829e-05,2.4128e-05,2.41041e-05,2.41041e-05,2.41756e-05
8.80009,2.42472e-05,2.4128e-05,2.4128e-05,2.41041e-05,2.41876e-05
8.90009,2.42352e-05,2.41399e-05,2.41637e-05,2.40922e-05,2.41876e-05
9.00009,2.42591e-05,2.4128e-05,2.41637e-05,2.40922e-05,2.41756e-05
9.10009,2.42591e-05,2.4128e-05,2.41518e-05,2.40922e-05,2.41518e-05
9.20009,2.42591e-05,2.41637e-05,2.41518e-05,2.40922e-05,2.41518e-05
9.30009,2.42829e-05,2.41637e-05,2.41637e-05,2.40803e-05,2.41637e-05
9.40009,2.42829e-05,2.41518e-05,2.41637e-05,2.40684e-05,2.41637e-05
9.50009,2.42949e-05,2.41518e-05,2.41876e-05,2.41041e-05,2.41518e-05
9.6001,2.42949e-05,2.41637e-05,2.41756e-05,2.40564e-05,2.41637e-05
9.7001,2.43306e-05,2.41995e-05,2.41756e-05,2.40803e-05,2.41637e-05
9.8001,2.43187e-05,2.42233e-05,2.41876e-05,2.40922e-05,2.41399e-05
9.9001,2.43187e-05,2.42114e-05,2.41995e-05,2.40922e-05,2.41637e-05
10.0001,2.43068e-05,2.41995e-05,2.41876e-05,2.40684e-05,2.41876e-05
10.1001,2.43068e-05,2.41995e-05,2.42114e-05,2.40922e-05,2.41756e-05
10.2001,2.42949e-05,2.42114e-05,2.42114e-05,2.41041e-05,2.41756e-05
10.3001,2.42949e-05,2.42352e-05,2.41876e-05,2.40922e-05,2.41995e-05
10.4001,2.43068e-05,2.42352e-05,2.41637e-05,2.41399e-05,2.42114e-05
10.5001,2.43306e-05,2.42472e-05,2.41876e-05,2.41041e-05,2.42233e-05
10.6001,2.43306e-05,2.42829e-05,2.41876e-05,2.40803e-05,2.41995e-05
10.7001,2.43306e-05,2.42472e-05,2.41995e-05,2.40922e-05,2.42114e-05
10.8001,2.43187e-05,2.42352e-05,2.41756e-05,2.41041e-05,2.41876e-05
10.9001,2.43306e-05,2.42949e-05,2.41995e-05,2.4128e-05,2.41995e-05
11.0001,2.43187e-05,2.4271e-05,2.41995e-05,2.4128e-05,2.41876e-05
11.1001,2.43545e-05,2.42829e-05,2.42233e-05,2.4116e-05,2.41995e-05
11.2001,2.43545e-05,2.42591e-05,2.4271e-05,2.41399e-05,2.42114e-05
11.3001,2.43425e-05,2.42829e-05,2.42352e-05,2.41518e-05,2.41756e-05
11.4001,2.43425e-05,2.42591e-05,2.42233e-05,2.41518e-05,2.41756e-05
11.5001,2.43664e-05,2.42949e-05,2.42472e-05,2.41399e-05,2.42114e-05
11.6001,2.43425e-05,2.42591e-05,2.42352e-05,2.41041e-05,2.42472e-05
11.7001,2.43187e-05,2.4271e-05,2.42472e-05,2.41399e-05,2.42352e-05
11.8001,2.43306e-05,2.42949e-05,2.4271e-05,2.41518e-05,2.41876e-05
11.9001,2.43902e-05,2.42472e-05,2.42591e-05,2.41518e-05,2.42114e-05
12.0001,2.43664e-05,2.42352e-05,2.4271e-05,2.41876e-05,2.41995e-05
12.1001,2.43545e-05,2.42829e-05,2.42591e-05,2.41876e-05,2.42233e-05
12.2001,2.43545e-05,2.4271e-05,2.42233e-05,2.41876e-05,2.42233e-05
12.3001,2.43664e-05,2.4271e-05,2.42591e-05,2.41756e-05,2.41995e-05
12.4001,2.43783e-05,2.42591e-05,2.42591e-05,2.41399e-05,2.41995e-05
12.5001,2.43664e-05,2.42472e-05,2.42949e-05,2.41756e-05,2.42114e-05
12.6001,2.44021e-05,2.42591e-05,2.42829e-05,2.41756e-05,2.41995e-05
12.7001,2.43783e-05,2.42472e-05,2.42591e-05,2.42114e-05,2.42233e-05
12.8001,2.43425e-05,2.42829e-05,2.4271e-05,2.41756e-05,2.42233e-05
12.9001,2.43783e-05,2.42472e-05,2.42949e-05,2.41637e-05,2.42233e-05
13.0001,2.43783e-05,2.42472e-05,2.42949e-05,2.41756e-05,2.41756e-05
13.1001,2.43664e-05,2.42472e-05,2.4271e-05,2.41518e-05,2.42114e-05
13.2001,2.43425e-05,2.42472e-05,2.43068e-05,2.41637e-05,2.42233e-05
13.3001,2.43425e-05,2.42591e-05,2.43068e-05,2.41637e-05,2.42352e-05
13.4001,2.43425e-05,2.42591e-05,2.42949e-05,2.41876e-05,2.42233e-05
13.5001,2.43545e-05,2.42472e-05,2.42829e-05,2.41876e-05,2.41995e-05
13.6001,2.43545e-05,2.42352e-05,2.42949e-05,2.41995e-05,2.42114e-05
13.7001,2.43545e-05,2.42352e-05,2.43068e-05,2.42233e-05,2.42352e-05
13.8001,2.43425e-05,2.43068e-05,2.42829e-05,2.42233e-05,2.41995e-05
13.9001,2.43425e-05,2.42829e-05,2.42829e-05,2.42114e-05,2.42114e-05
14.0001,2.43664e-05,2.42829e-05,2.4271e-05,2.42233e-05,2.42233e-05
14.1001,2.43664e-05,2.42949e-05,2.42949e-05,2.42352e-05,2.42472e-05
14.2001,2.44021e-05,2.42949e-05,2.42949e-05,2.42233e-05,2.42591e-05
14.3001,2.44021e-05,2.42949e-05,2.42829e-05,2.41995e-05,2.42472e-05
14.4001,2.44021e-05,2.42829e-05,2.42829e-05,2.41756e-05,2.42591e-05
14.5001,2.44141e-05,2.42949e-05,2.42949e-05,2.42114e-05,2.42352e-05
14.6001,2.4426e-05,2.42949e-05,2.43187e-05,2.41995e-05,2.42233e-05
14.7001,2.44141e-05,2.43187e-05,2.43306e-05,2.41876e-05,2.42591e-05
14.8001,2.43902e-05,2.43068e-05,2.43187e-05,2.41876e-05,2.4271e-05
14.9001,2.44141e-05,2.43306e-05,2.42829e-05,2.41995e-05,2.42591e-05
15.0001,2.4426e-05,2.43425e-05,2.43068e-05,2.41756e-05,2.42472e-05
15.1002,2.44021e-05,2.43545e-05,2.42949e-05,2.42114e-05,2.42352e-05
15.2002,2.44021e-05,2.43306e-05,2.43187e-05,2.42352e-05,2.42233e-05
15.3002,2.44379e-05,2.43068e-05,2.42949e-05,2.42352e-05,2.42352e-05
15.4002,2.4426e-05,2.43306e-05,2.42949e-05,2.42472e-05,2.42591e-05
15.5002,2.44498e-05,2.43425e-05,2.42829e-05,2.42352e-05,2.4271e-05
15.6002,2.44498e-05,2.42949e-05,2.4271e-05,2.42233e-05,2.42352e-05
15.7002,2.44498e-05,2.42949e-05,2.43068e-05,2.42352e-05,2.42233e-05
15.8002,2.44141e-05,2.43068e-05,2.42949e-05,2.42233e-05,2.42472e-05
15.9002,2.44379e-05,2.43425e-05,2.42829e-05,2.42114e-05,2.4271e-05
16.0002,2.57492e-05,2.79307e-05,3.0899e-05,3.44872e-05,3.89814e-05
16.1002,2.57969e-05,2.8038e-05,3.11494e-05,3.49641e-05,3.95775e-05
16.2002,2.59161e-05,2.82645e-05,3.14832e-05,3.54052e-05,4.01378e-05
16.3002,2.59995e-05,2.84076e-05,3.17335e-05,3.5727e-05,4.04239e-05
16.4002,2.60353e-05,2.85625e-05,3.18766e-05,3.59297e-05,4.06504e-05
16.5002,2.60234e-05,2.86102e-05,3.20077e-05,3.60489e-05,4.08411e-05
16.6002,2.60592e-05,2.87056e-05,3.2115e-05,3.62158e-05,4.09722e-05
16.7002,2.61068e-05,2.87294e-05,3.21984e-05,3.62992e-05,4.11391e-05
16.8002,2.61307e-05,2.8789e-05,3.227e-05,3.64184e-05,4.12107e-05
16.9002,2.61307e-05,2.88248e-05,3.23415e-05,3.64661e-05,4.12941e-05
17.0002,2.4879e-05,2.5332e-05,2.59995e-05,2.65598e-05,2.72155e-05
17.1002,2.48551e-05,2.52128e-05,2.57254e-05,2.62141e-05,2.67029e-05
17.2002,2.47598e-05,2.50459e-05,2.54393e-05,2.58088e-05,2.61903e-05
17.3002,2.4724e-05,2.49624e-05,2.52247e-05,2.55466e-05,2.58923e-05
17.4002,2.46882e-05,2.4879e-05,2.51055e-05,2.53797e-05,2.56658e-05
17.5002,2.46644e-05,2.48432e-05,2.49982e-05,2.52485e-05,2.55108e-05
17.6002,2.46525e-05,2.47955e-05,2.49386e-05,2.51293e-05,2.53916e-05
17.7002,2.46525e-05,2.47478e-05,2.49028e-05,2.5034e-05,2.52962e-05
17.8002,2.46167e-05,2.47359e-05,2.48313e-05,2.49743e-05,2.51889e-05
17.9002,2.46286e-05,2.46882e-05,2.48075e-05,2.49386e-05,2.51412e-05
18.0002,2.46167e-05,2.46525e-05,2.47717e-05,2.49267e-05,2.50816e-05
18.1002,2.46167e-05,2.46525e-05,2.47121e-05,2.48551e-05,2.49863e-05
18.2002,2.45929e-05,2.46406e-05,2.47002e-05,2.48075e-05,2.49743e-05
18.3002,2.4581e-05,2.46525e-05,2.47121e-05,2.47836e-05,2.49267e-05
18.4002,2.4581e-05,2.46167e-05,2.46644e-05,2.47478e-05,2.48551e-05
18.5002,2.4581e-05,2.46167e-05,2.46286e-05,2.46882e-05,2.48313e-05
18.6002,2.4569e-05,2.46167e-05,2.46048e-05,2.46763e-05,2.47955e-05
18.7002,2.4569e-05,2.45571e-05,2.4581e-05,2.46644e-05,2.47836e-05
18.8002,2.45452e-05,2.45452e-05,2.45571e-05,2.46167e-05,2.47598e-05
18.9002,2.45571e-05,2.45333e-05,2.45571e-05,2.45929e-05,2.4724e-05
19.0002,2.4569e-05,2.45333e-05,2.45214e-05,2.4569e-05,2.47002e-05
19.1002,2.45333e-05,2.45094e-05,2.45094e-05,2.45571e-05,2.46882e-05
19.2002,2.45571e-05,2.44856e-05,2.45214e-05,2.45452e-05,2.46763e-05
19.3002,2.46048e-05,2.44975e-05,2.45094e-05,2.45333e-05,2.46525e-05
19.4002,2.45571e-05,2.45094e-05,2.45094e-05,2.45214e-05,2.46644e-05
19.5002,2.45571e-05,2.44975e-05,2.45094e-05,2.44737e-05,2.46048e-05
19.6002,2.4581e-05,2.44617e-05,2.45094e-05,2.44856e-05,2.45929e-05
19.7002,2.46048e-05,2.44617e-05,2.44975e-05,2.44617e-05,2.45452e-05
19.8002,2.4581e-05,2.44856e-05,2.44975e-05,2.44617e-05,2.4581e-05
19.9002,2.45571e-05,2.44498e-05,2.44975e-05,2.44617e-05,2.45571e-05
20.0002,2.45452e-05,2.44379e-05,2.44498e-05,2.44617e-05,2.45214e-05
20.1002,2.45214e-05,2.4426e-05,2.44617e-05,2.44737e-05,2.45094e-05
20.2002,2.44975e-05,2.44379e-05,2.44617e-05,2.4426e-05,2.45452e-05
20.3002,2.45214e-05,2.44379e-05,2.44498e-05,2.43902e-05,2.44975e-05
20.4002,2.45452e-05,2.4426e-05,2.44498e-05,2.4426e-05,2.44856e-05
20.5002,2.45094e-05,2.4426e-05,2.44498e-05,2.44021e-05,2.44737e-05
20.6002,2.45333e-05,2.44379e-05,2.44617e-05,2.43783e-05,2.44737e-05
20.7002,2.45214e-05,2.44617e-05,2.44498e-05,2.43783e-05,2.4426e-05
20.8002,2.45452e-05,2.44498e-05,2.44141e-05,2.43425e-05,2.4426e-05
20.9002,2.45214e-05,2.44617e-05,2.43902e-05,2.43664e-05,2.4426e-05
21.0002,2.45571e-05,2.44617e-05,2.43545e-05,2.43664e-05,2.44617e-05
21.1002,2.44856e-05,2.44737e-05,2.44021e-05,2.43545e-05,2.44498e-05
21.2002,2.44975e-05,2.44737e-05,2.44379e-05,2.43783e-05,2.44737e-05
21.3002,2.44856e-05,2.44617e-05,2.44498e-05,2.43306e-05,2.4426e-05
21.4002,2.44498e-05,2.44498e-05,2.44379e-05,2.43306e-05,2.44498e-05
21.5002,2.44975e-05,2.44498e-05,2.4426e-05,2.43783e-05,2.44141e-05
21.6002,2.44975e-05,2.44141e-05,2.4426e-05,2.43306e-05,2.4426e-05
21.7002,2.44975e-05,2.44617e-05,2.4426e-05,2.43306e-05,2.43783e-05
21.8002,2.44856e-05,2.44617e-05,2.44379e-05,2.43306e-05,2.44498e-05
21.9002,2.45214e-05,2.44379e-05,2.44141e-05,2.43306e-05,2.43902e-05
22.0002,2.45094e-05,2.44379e-05,2.44141e-05,2.43306e-05,2.43902e-05
22.1002,2.45214e-05,2.4426e-05,2.4426e-05,2.43306e-05,2.43783e-05
22.2002,2.45214e-05,2.4426e-05,2.44021e-05,2.43306e-05,2.43902e-05
22.3002,2.45094e-05,2.4426e-05,2.4426e-05,2.43068e-05,2.44021e-05
22.4002,2.45333e-05,2.44379e-05,2.43902e-05,2.42949e-05,2.44021e-05
22.5002,2.45333e-05,2.44498e-05,2.44021e-05,2.43187e-05,2.43664e-05
22.6002,2.45094e-05,2.44498e-05,2.43783e-05,2.42829e-05,2.43783e-05
22.7002,2.45214e-05,2.44379e-05,2.43545e-05,2.42829e-05,2.43902e-05
22.8002,2.45094e-05,2.44379e-05,2.43902e-05,2.42591e-05,2.43545e-05
22.9002,2.44856e-05,2.44379e-05,2.43783e-05,2.42829e-05,2.43783e-05
23.0002,2.44856e-05,2.44617e-05,2.43783e-05,2.43068e-05,2.43902e-05
23.1002,2.44856e-05,2.44498e-05,2.43664e-05,2.43068e-05,2.43783e-05
23.2002,2.44975e-05,2.44498e-05,2.43664e-05,2.43425e-05,2.43664e-05
23.3002,2.44975e-05,2.4426e-05,2.43425e-05,2.43425e-05,2.43783e-05
23.4002,2.44975e-05,2.44021e-05,2.43187e-05,2.43187e-05,2.43664e-05
23.5002,2.45333e-05,2.44379e-05,2.43187e-05,2.42949e-05,2.43783e-05
23.6002,2.44856e-05,2.44379e-05,2.43187e-05,2.43306e-05,2.43783e-05
23.7002,2.45094e-05,2.44498e-05,2.43425e-05,2.42829e-05,2.43425e-05
23.8002,2.45094e-05,2.44021e-05,2.43306e-05,2.43068e-05,2.43545e-05
23.9002,2.44975e-05,2.44141e-05,2.43664e-05,2.43425e-05,2.43425e-05
24.0002,2.44856e-05,2.44379e-05,2.43545e-05,2.43068e-05,2.43306e-05
24.1002,2.44737e-05,2.44379e-05,2.43425e-05,2.43306e-05,2.43306e-05
24.2002,2.45094e-05,2.4426e-05,2.43664e-05,2.43664e-05,2.43187e-05
24.3002,2.44737e-05,2.4426e-05,2.43664e-05,2.43545e-05,2.43187e-05
24.4002,2.45094e-05,2.44141e-05,2.43664e-05,2.43306e-05,2.43187e-05
24.5002,2.44975e-05,2.4426e-05,2.43425e-05,2.42949e-05,2.43664e-05
24.6002,2.45094e-05,2.44379e-05,2.43425e-05,2.43187e-05,2.42949e-05
24.7002,2.45094e-05,2.44498e-05,2.43545e-05,2.42829e-05,2.43187e-05
24.8002,2.44975e-05,2.44379e-05,2.43425e-05,2.43068e-05,2.43068e-05
24.9002,2.44975e-05,2.44617e-05,2.43664e-05,2.43068e-05,2.43187e-05
25.0002,2.44856e-05,2.44141e-05,2.43664e-05,2.42829e-05,2.43306e-05
25.1003,2.45214e-05,2.43902e-05,2.43783e-05,2.42829e-05,2.43187e-05
25.2003,2.45333e-05,2.44021e-05,2.43902e-05,2.43068e-05,2.43068e-05
25.3003,2.45094e-05,2.44379e-05,2.44021e-05,2.42949e-05,2.42949e-05
25.4003,2.45094e-05,2.44141e-05,2.43783e-05,2.42949e-05,2.42829e-05
25.5003,2.45094e-05,2.44498e-05,2.43783e-05,2.4271e-05,2.42949e-05
25.6003,2.45214e-05,2.44141e-05,2.43902e-05,2.42949e-05,2.43306e-05
25.7003,2.45214e-05,2.44379e-05,2.43664e-05,2.42829e-05,2.43306e-05
25.8003,2.44975e-05,2.44021e-05,2.43545e-05,2.43068e-05,2.42949e-05
25.9003,2.45094e-05,2.44379e-05,2.43425e-05,2.4271e-05,2.42829e-05
26.0003,2.45094e-05,2.44379e-05,2.43306e-05,2.42591e-05,2.42829e-05
26.1003,2.45094e-05,2.44498e-05,2.43425e-05,2.42472e-05,2.43068e-05
26.2003,2.44856e-05,2.44737e-05,2.43545e-05,2.42472e-05,2.43068e-05
26.3003,2.44975e-05,2.44617e-05,2.43425e-05,2.42472e-05,2.43068e-05
26.4003,2.44737e-05,2.44379e-05,2.43306e-05,2.42352e-05,2.42829e-05
26.5003,2.45452e-05,2.44498e-05,2.43425e-05,2.42591e-05,2.4271e-05
26.6003,2.45571e-05,2.44379e-05,2.43664e-05,2.4271e-05,2.42829e-05
26.7003,2.45214e-05,2.43902e-05,2.43664e-05,2.42591e-05,2.42352e-05
26.8003,2.45214e-05,2.43783e-05,2.43545e-05,2.42949e-05,2.42472e-05
26.9003,2.45333e-05,2.4426e-05,2.43783e-05,2.42949e-05,2.42472e-05
27.0003,2.45333e-05,2.43783e-05,2.43545e-05,2.4271e-05,2.42472e-05
27.1003,2.45333e-05,2.44141e-05,2.43068e-05,2.42472e-05,2.42591e-05
27.2003,2.45571e-05,2.44141e-05,2.43306e-05,2.42829e-05,2.42352e-05
27.3003,2.45452e-05,2.44141e-05,2.43068e-05,2.43068e-05,2.42233e-05
27.4003,2.45214e-05,2.44141e-05,2.42949e-05,2.42829e-05,2.42233e-05
27.5003,2.45452e-05,2.44021e-05,2.42949e-05,2.42829e-05,2.42233e-05
27.6003,2.45214e-05,2.4426e-05,2.4271e-05,2.42472e-05,2.42352e-05
27.7003,2.45333e-05,2.43783e-05,2.43068e-05,2.42591e-05,2.42233e-05
27.8003,2.45094e-05,2.43902e-05,2.42949e-05,2.4271e-05,2.42352e-05
27.9003,2.44975e-05,2.44141e-05,2.43306e-05,2.42352e-05,2.42352e-05
28.0003,2.45094e-05,2.43902e-05,2.43068e-05,2.42352e-05,2.42233e-05
28.1003,2.45333e-05,2.44021e-05,2.43068e-05,2.42114e-05,2.42114e-05
28.2003,2.45571e-05,2.44379e-05,2.42949e-05,2.42233e-05,2.42352e-05
28.3003,2.45452e-05,2.4426e-05,2.43306e-05,2.42114e-05,2.42233e-05
28.4003,2.45333e-05,2.44141e-05,2.43306e-05,2.42114e-05,2.42114e-05
28.5003,2.45214e-05,2.44141e-05,2.43306e-05,2.42114e-05,2.41995e-05
28.6003,2.45094e-05,2.43902e-05,2.43068e-05,2.41756e-05,2.41995e-05
28.7003,2.45214e-05,2.43902e-05,2.42949e-05,2.42114e-05,2.42472e-05
28.8003,2.45333e-05,2.43902e-05,2.43187e-05,2.42114e-05,2.42114e-05
28.9003,2.45452e-05,2.44021e-05,2.43425e-05,2.42114e-05,2.41995e-05
29.0003,2.45214e-05,2.44021e-05,2.43664e-05,2.41995e-05,2.41995e-05
29.1003,2.44975e-05,2.44141e-05,2.43902e-05,2.41995e-05,2.42114e-05
29.2003,2.45214e-05,2.44021e-05,2.43664e-05,2.42233e-05,2.42591e-05
29.3003,2.45452e-05,2.43902e-05,2.43425e-05,2.42233e-05,2.42472e-05
29.4003,2.45452e-05,2.44141e-05,2.43425e-05,2.41756e-05,2.42352e-05
29.5003,2.45333e-05,2.43902e-05,2.42829e-05,2.42472e-05,2.42114e-05
29.6003,2.45214e-05,2.44021e-05,2.43068e-05,2.42352e-05,2.42233e-05
29.7003,2.45333e-05,2.44141e-05,2.42949e-05,2.42114e-05,2.42114e-05
29.8003,2.45571e-05,2.44141e-05,2.43187e-05,2.42114e-05,2.42233e-05
29.9003,2.45452e-05,2.4426e-05,2.43425e-05,2.42114e-05,2.42472e-05
30.0003,2.45452e-05,2.43902e-05,2.43306e-05,2.42233e-05,2.42472e-05
30.1003,2.45452e-05,2.44141e-05,2.43425e-05,2.42591e-05,2.42233e-05
30.2003,2.45452e-05,2.43902e-05,2.43545e-05,2.42352e-05,2.42233e-05
30.3003,2.45571e-05,2.43664e-05,2.43425e-05,2.4271e-05,2.42114e-05
30.4003,2.4569e-05,2.43664e-05,2.43425e-05,2.42233e-05,2.42114e-05
30.5003,2.45571e-05,2.44141e-05,2.43306e-05,2.42591e-05,2.42114e-05
30.6003,2.45571e-05,2.43664e-05,2.43068e-05,2.42352e-05,2.42352e-05
30.7003,2.45571e-05,2.43783e-05,2.43306e-05,2.42472e-05,2.41995e-05
30.8003,2.45452e-05,2.43902e-05,2.43664e-05,2.42233e-05,2.41995e-05
30.9003,2.45333e-05,2.43902e-05,2.43425e-05,2.42352e-05,2.41995e-05
31.0003,2.45094e-05,2.44379e-05,2.43664e-05,2.42591e-05,2.42114e-05
31.1003,2.45333e-05,2.43902e-05,2.43664e-05,2.42472e-05,2.41995e-05
31.2003,2.45452e-05,2.44141e-05,2.43664e-05,2.42233e-05,2.41756e-05
31.3003,2.45571e-05,2.44141e-05,2.43425e-05,2.42233e-05,2.41995e-05
31.4003,2.45571e-05,2.44141e-05,2.43306e-05,2.42114e-05,2.42114e-05
31.5003,2.45094e-05,2.44021e-05,2.43545e-05,2.42352e-05,2.42114e-05
31.6003,2.45333e-05,2.44141e-05,2.43425e-05,2.42472e-05,2.42114e-05
31.7003,2.45452e-05,2.44617e-05,2.43306e-05,2.42233e-05,2.42114e-05
31.8003,2.45929e-05,2.44379e-05,2.43425e-05,2.42114e-05,2.41876e-05
31.9003,2.4581e-05,2.44141e-05,2.43187e-05,2.41995e-05,2.41399e-05
32.0003,2.45452e-05,2.4426e-05,2.43425e-05,2.42233e-05,2.41756e-05
32.1003,2.45333e-05,2.4426e-05,2.43187e-05,2.42472e-05,2.41995e-05
32.2003,2.4581e-05,2.44021e-05,2.43068e-05,2.42352e-05,2.41756e-05
32.3003,2.4569e-05,2.4426e-05,2.43425e-05,2.42114e-05,2.41876e-05
32.4003,2.45452e-05,2.43902e-05,2.43187e-05,2.42233e-05,2.41756e-05
32.5003,2.4569e-05,2.44021e-05,2.43306e-05,2.42114e-05,2.41876e-05
32.6003,2.45571e-05,2.44021e-05,2.43068e-05,2.41995e-05,2.42352e-05
32.7003,2.4581e-05,2.44021e-05,2.43545e-05,2.42114e-05,2.41995e-05
32.8003,2.4569e-05,2.44141e-05,2.43545e-05,2.42114e-05,2.41995e-05
32.9003,2.45571e-05,2.43902e-05,2.43187e-05,2.4271e-05,2.42114e-05
33.0003,2.45333e-05,2.4426e-05,2.43187e-05,2.42591e-05,2.42114e-05
33.1003,2.45571e-05,2.44021e-05,2.43425e-05,2.42352e-05,2.42233e-05
33.2003,2.45214e-05,2.4426e-05,2.43545e-05,2.42233e-05,2.42114e-05
33.3003,2.45214e-05,2.4426e-05,2.43545e-05,2.42233e-05,2.41637e-05
33.4003,2.45094e-05,2.44141e-05,2.43425e-05,2.41876e-05,2.42114e-05
33.5003,2.45333e-05,2.44141e-05,2.43664e-05,2.42114e-05,2.41995e-05
33.6003,2.45333e-05,2.44141e-05,2.43545e-05,2.42352e-05,2.41518e-05
33.7003,2.45333e-05,2.44021e-05,2.43068e-05,2.42591e-05,2.4128e-05
33.8003,2.45571e-05,2.43783e-05,2.43545e-05,2.42472e-05,2.41637e-05
33.9003,2.45333e-05,2.44021e-05,2.43425e-05,2.42472e-05,2.41637e-05
34.0003,2.45452e-05,2.44021e-05,2.43545e-05,2.42352e-05,2.41518e-05
34.1003,2.45571e-05,2.43902e-05,2.43664e-05,2.42114e-05,2.41637e-05
34.2003,2.45929e-05,2.43902e-05,2.43783e-05,2.42114e-05,2.41518e-05
34.3003,2.45929e-05,2.44141e-05,2.43664e-05,2.42233e-05,2.41518e-05
34.4003,2.4581e-05,2.43902e-05,2.43425e-05,2.42114e-05,2.41756e-05
34.5003,2.45929e-05,2.44141e-05,2.43545e-05,2.41995e-05,2.41756e-05
34.6003,2.46167e-05,2.4426e-05,2.43545e-05,2.42114e-05,2.41995e-05
34.7003,2.45929e-05,2.44141e-05,2.43664e-05,2.41995e-05,2.41876e-05
34.8003,2.4569e-05,2.44141e-05,2.43783e-05,2.41756e-05,2.41756e-05
34.9003,2.45929e-05,2.43783e-05,2.43545e-05,2.41876e-05,2.41756e-05
35.0003,2.4581e-05,2.4426e-05,2.43187e-05,2.42114e-05,2.41637e-05
35.1004,2.4581e-05,2.4426e-05,2.43545e-05,2.42352e-05,2.41756e-05
35.2004,2.46048e-05,2.44141e-05,2.43545e-05,2.42352e-05,2.41756e-05
35.3004,2.45929e-05,2.4426e-05,2.43425e-05,2.42233e-05,2.41756e-05
35.4004,2.4581e-05,2.44617e-05,2.43306e-05,2.42233e-05,2.41637e-05
35.5004,2.4581e-05,2.44021e-05,2.43306e-05,2.41876e-05,2.41756e-05
35.6004,2.45929e-05,2.43902e-05,2.43545e-05,2.41995e-05,2.41637e-05
35.7004,2.45929e-05,2.4426e-05,2.43545e-05,2.41756e-05,2.41756e-05
35.8004,2.46048e-05,2.44021e-05,2.43425e-05,2.41876e-05,2.41876e-05
35.9004,2.46048e-05,2.4426e-05,2.43545e-05,2.41637e-05,2.41756e-05
36.0004,2.46167e-05,2.4426e-05,2.43068e-05,2.41995e-05,2.4128e-05
36.1004,2.46048e-05,2.44379e-05,2.43306e-05,2.42352e-05,2.41399e-05
36.2004,2.45929e-05,2.44498e-05,2.43306e-05,2.42114e-05,2.41637e-05
36.3004,2.4569e-05,2.4426e-05,2.43425e-05,2.42352e-05,2.41756e-05
36.4004,2.46048e-05,2.4426e-05,2.43306e-05,2.42472e-05,2.41637e-05
36.5004,2.46167e-05,2.44498e-05,2.43187e-05,2.42114e-05,2.41518e-05
36.6004,2.46167e-05,2.4426e-05,2.43187e-05,2.42233e-05,2.4116e-05
36.7004,2.46286e-05,2.4426e-05,2.42949e-05,2.4271e-05,2.41399e-05
36.8004,2.46286e-05,2.44379e-05,2.42949e-05,2.42352e-05,2.41399e-05
36.9004,2.46167e-05,2.4426e-05,2.43545e-05,2.41876e-05,2.41518e-05
