Type,Electrolyte,Potential [V],Period [s],Pulses #,IDSant (2-3s) [A],IDSant (2-3s) [A],"IDSdep (+3, +4s) [A]","IDSdep (+3, +4s) [A]",delIDS [A],delIDS [A],RatioIDS,RatioIDS
,,,,,mean,std,mean,std,mean,std,mean,std
Enode,KCl,-0.8,0.105,10,8.163345074626865e-06,4.407788637973949e-07,8.286547810945274e-06,4.019958128362816e-07,1.232027363184076e-07,4.2210393960029784e-08,1.015297198017857,0.005967164241893848
Enode,KCl,-0.8,0.105,20,8.064557578772803e-06,4.468395352841103e-07,8.377921840796019e-06,3.896639269583279e-07,3.133642620232176e-07,6.356407365869794e-08,1.0392140896044157,0.010148669678052655
Enode,KCl,-0.8,0.105,50,8.093460199004975e-06,4.983513522549398e-07,8.583365870646765e-06,4.352875599420806e-07,4.89905671641791e-07,6.522496242692341e-08,1.0610232127764376,0.012120310509123556
Enode,KCl,-0.8,0.11,10,8.112656451077942e-06,5.413478112710334e-07,8.296788407960199e-06,5.156392175224972e-07,1.841319568822559e-07,2.5708681012498255e-08,1.022914080133645,0.004882626208110615
Enode,KCl,-0.8,0.11,20,8.036722172470977e-06,4.862053962311904e-07,8.35038303482587e-06,4.3761493310139055e-07,3.136608623548924e-07,6.855885243426636e-08,1.039391936459116,0.010540754789086677
Enode,KCl,-0.8,0.11,50,8.080471956882255e-06,4.802089939825453e-07,8.54574464344942e-06,3.8943938967327857e-07,4.652726865671635e-07,9.582376136821014e-08,1.0581878949936439,0.01574124702217883
Enode,KCl,-0.8,0.125,10,7.996946301824211e-06,5.261232222759111e-07,8.248610414593698e-06,4.7481116410057006e-07,2.5166411276948645e-07,7.84055457810908e-08,1.0318727735746236,0.011354977880096486
Enode,KCl,-0.8,0.125,20,7.947384411276948e-06,5.772931482533918e-07,8.300524825870648e-06,4.578284640095654e-07,3.5314041459369843e-07,1.197882130875737e-07,1.0453616349403563,0.019164706331836947
Enode,KCl,-0.8,0.125,50,7.976484908789386e-06,4.638060948849502e-07,8.445414610281923e-06,3.9289040795424743e-07,4.6892970149253603e-07,7.695211788052553e-08,1.0592850137555274,0.013179164936236653
Enode,KCl,-0.8,0.15,10,7.923325174129353e-06,5.003627150119159e-07,8.157058490878937e-06,5.157186112319779e-07,2.337333167495845e-07,1.6153137619511377e-08,1.0294963149260126,0.0006237817780127542
Enode,KCl,-0.8,0.15,20,7.933269237147596e-06,5.176743422056581e-07,8.267292603648424e-06,4.525931806684345e-07,3.3402336650082793e-07,6.689216194814452e-08,1.0426020897511639,0.011598715617115448
Enode,KCl,-0.8,0.15,50,7.940524461028192e-06,5.010495207458832e-07,8.42528943615257e-06,4.48531542063566e-07,4.847649751243785e-07,7.158742723105135e-08,1.0615210973997902,0.012533561223653714
Enode,KCl,-0.8,0.25,10,7.772188358208955e-06,5.292370137971439e-07,8.060722205638474e-06,5.229404963723018e-07,2.885338474295172e-07,1.3642078163072182e-08,1.037282650389681,0.0037958515557373635
Enode,KCl,-0.8,0.25,20,7.736484958540631e-06,4.798484790269423e-07,8.085552603648424e-06,5.080476718969718e-07,3.490676451077937e-07,3.321307669195683e-08,1.045084490605671,0.002413750313756567
Enode,KCl,-0.8,0.25,50,7.804293731343285e-06,5.071598089961512e-07,8.25908782752902e-06,4.983676251980641e-07,4.547940961857366e-07,2.6984780587771093e-08,1.0584980556022383,0.005994652113737836
Enode,KCl,-0.5,0.105,10,8.334449320066334e-06,4.7670739263946287e-07,8.379978043117744e-06,4.346659532939438e-07,4.5528723051409194e-08,4.4107567358705924e-08,1.0056755648267275,0.005791401806153964
Enode,KCl,-0.5,0.105,20,8.074916451077945e-06,4.563416692822438e-07,8.268953134328358e-06,4.3795118929060694e-07,1.940366832504127e-07,3.9834603372746994e-08,1.024174443152159,0.0056233712307852575
Enode,KCl,-0.5,0.105,50,8.085789767827528e-06,5.146029961471307e-07,8.401111459369818e-06,5.097443312770548e-07,3.153216915422882e-07,5.092473090130233e-09,1.03913312469517,0.0032122335873543645
Enode,KCl,-0.5,0.11,10,8.221091310116086e-06,5.77722834058988e-07,8.318435970149253e-06,4.730416753403513e-07,9.734466003316696e-08,1.1146956162170573e-07,1.0125128998491266,0.014902277822984438
Enode,KCl,-0.5,0.11,20,8.085256019900497e-06,5.147081717633846e-07,8.270791608623548e-06,5.116514149137943e-07,1.8553558872305116e-07,8.468096966517297e-09,1.023029221174945,0.0021508092644619537
Enode,KCl,-0.5,0.11,50,8.10310776119403e-06,4.845804208019516e-07,8.421809933665008e-06,4.3362746492307063e-07,3.1870217247097923e-07,5.8353019608747375e-08,1.0396914978916107,0.0095769104252275
Enode,KCl,-0.5,0.125,10,8.174653217247098e-06,4.789789593676005e-07,8.229414195688226e-06,4.495076655800297e-07,5.476097844112813e-08,2.976931079363383e-08,1.0068608261573182,0.004171684045607605
Enode,KCl,-0.5,0.125,20,8.005130762852405e-06,5.191372827415149e-07,8.180623449419568e-06,5.252436495594969e-07,1.754926865671639e-07,8.47974550106233e-09,1.0219524013221237,0.000992747378673329
Enode,KCl,-0.5,0.125,50,8.084010663349916e-06,5.044640167948645e-07,8.361731061359868e-06,5.183008101173101e-07,2.777203980099511e-07,3.9090811574755866e-08,1.034378287455624,0.004459328413098862
Enode,KCl,-0.5,0.15,10,8.005190199004975e-06,5.177237395289598e-07,8.078178490878939e-06,4.87476491379172e-07,7.298829187396235e-08,6.186066734609337e-08,1.0093270516696584,0.007925876841252002
Enode,KCl,-0.5,0.15,20,7.943747263681592e-06,5.30695939340742e-07,8.13171393034826e-06,5.80902200948429e-07,1.8796666666666687e-07,5.3277435295587616e-08,1.0234437788365678,0.005399564397572085
Enode,KCl,-0.5,0.15,50,7.96869606965174e-06,5.181990097105902e-07,8.20984255389718e-06,4.7374012344900944e-07,2.411464842454394e-07,5.0877299884786965e-08,1.030606081761251,0.008443477533731963
Enode,KCl,-0.5,0.25,10,7.922534245439469e-06,5.410396519592348e-07,7.969150431177446e-06,5.34462873900671e-07,4.661618573797632e-08,6.627290304761234e-09,1.005942537248563,0.00129074915087995
Enode,KCl,-0.5,0.25,20,7.807595373134328e-06,5.153737135411226e-07,7.94971751243781e-06,5.48977417191879e-07,1.4212213930348217e-07,5.420796836260857e-08,1.0180705434850332,0.0061985218983878045
Enode,KCl,-0.5,0.25,50,7.851048358208956e-06,5.40222182936045e-07,8.095713963515754e-06,5.748497161725595e-07,2.446656053067985e-07,4.9286824067000776e-08,1.0310629852083453,0.004932602933158987
Enode,KCl,0.5,0.105,10,8.212155339966832e-06,4.5854282036331714e-07,8.168188291873963e-06,4.4401057070639956e-07,-4.396704809286851e-08,3.265350156729907e-08,0.9947054301911725,0.003738449863693881
Enode,KCl,0.5,0.105,20,8.059239585406302e-06,4.1828980318173716e-07,8.082290812603648e-06,4.3725271327770655e-07,2.3051227197346294e-08,4.719263375403339e-08,1.0027910470922907,0.005682640284084904
Enode,KCl,0.5,0.105,50,8.1090779933665e-06,5.225068269172639e-07,8.061849104477611e-06,5.188010725682733e-07,-4.722888888888815e-08,4.587714965032974e-08,0.9941885320496269,0.005422640724470905
Enode,KCl,0.5,0.11,10,8.165658258706467e-06,5.237327785010751e-07,8.161071708126037e-06,5.364172984926466e-07,-4.586550580431208e-09,2.400643992253543e-08,0.9993688110131888,0.002941635132169525
Enode,KCl,0.5,0.11,20,8.035259386401327e-06,4.6808558820692574e-07,8.07054784411277e-06,4.919717821295726e-07,3.528845771144245e-08,5.629369732860136e-08,1.0042960760693689,0.006749364256617903
Enode,KCl,0.5,0.11,50,8.129164029850747e-06,4.314330542299484e-07,8.073414361525705e-06,4.602266465643932e-07,-5.574966832504218e-08,3.579943839070946e-08,0.9930015814246979,0.004755753821170786
Enode,KCl,0.5,0.125,10,8.021440729684908e-06,5.678244156288406e-07,8.077763582089552e-06,5.574193538651603e-07,5.632285240464411e-08,2.381465397133789e-08,1.007113390505135,0.003212003268371552
Enode,KCl,0.5,0.125,20,7.954323499170813e-06,4.983988443111845e-07,7.93785552238806e-06,4.720105612532698e-07,-1.6467976782752945e-08,2.8983754354263924e-08,0.9980690900509215,0.0036269991102158942
Enode,KCl,0.5,0.125,50,8.015292189054726e-06,5.031803831578029e-07,8.007898590381427e-06,4.975884039672274e-07,-7.3935986732999864e-09,2.28414613462037e-08,0.9991073387631513,0.00274188793560985
Enode,KCl,0.5,0.15,10,7.94497271973466e-06,4.896552296050368e-07,7.947483300165837e-06,4.83945780050058e-07,2.5105804311778434e-09,8.808982066546087e-09,1.0003480910449978,0.0011324477840907502
Enode,KCl,0.5,0.15,20,7.885822686567163e-06,4.963262637580397e-07,7.921229618573798e-06,5.124850419457284e-07,3.540693200663353e-08,7.76375552229163e-08,1.004443954712174,0.009482224347635968
Enode,KCl,0.5,0.15,50,7.94137447761194e-06,5.144562521714692e-07,7.98463008291874e-06,5.280226403170741e-07,4.325560530679943e-08,5.8392053107469606e-08,1.005401945231069,0.007058975594887894
Enode,KCl,0.5,0.25,10,7.788300447761194e-06,5.340905636640554e-07,7.778870447761193e-06,4.920123048233686e-07,-9.42999999999956e-09,4.247708776631124e-08,0.9990435485592898,0.00560943571449223
Enode,KCl,0.5,0.25,20,7.78893295190713e-06,4.850002417053924e-07,7.780531144278608e-06,4.859847306838334e-07,-8.401807628524233e-09,2.5420996102363904e-08,0.998916463855223,0.0031526153137669682
Enode,KCl,0.5,0.25,50,7.897743532338308e-06,5.269638164234859e-07,7.846284195688227e-06,4.984580384524954e-07,-5.14593366500824e-08,3.076406870892494e-08,0.9936325946778523,0.0036099871109974823
Enode,KCl,0.8,0.105,10,8.042218109452737e-06,4.590549356564551e-07,8.142883747927031e-06,4.513476820653625e-07,1.0066563847429506e-07,2.4425289590315398e-08,1.0125836676323126,0.0032580257751482957
Enode,KCl,0.8,0.105,20,8.052755257048093e-06,3.912658049863867e-07,8.200372968490879e-06,4.846186535936637e-07,1.4761771144278584e-07,9.353252623475291e-08,1.0179743500394807,0.011053128821177673
Enode,KCl,0.8,0.105,50,8.0972164013267e-06,4.4779691769686233e-07,8.36382663349917e-06,5.66417155808413e-07,2.6661023217247144e-07,1.2704896761306643e-07,1.0324490132951445,0.01428640167598771
Enode,KCl,0.8,0.11,10,8.046112736318408e-06,4.933302956137126e-07,8.142349950248756e-06,5.014572293219625e-07,9.623721393034791e-08,1.255083687043686e-08,1.0119489381387126,0.0011973487094984721
Enode,KCl,0.8,0.11,20,8.059180298507461e-06,4.537237430053451e-07,8.202191724709783e-06,4.807720585629623e-07,1.4301142620232162e-07,3.5834360375498246e-08,1.0176566985103102,0.003738604249097333
Enode,KCl,0.8,0.11,50,8.073849021558872e-06,4.6583925392938476e-07,8.348524908789386e-06,4.869715963767133e-07,2.746758872305139e-07,6.378037673258481e-08,1.0340092895452908,0.0073938608869654095
Enode,KCl,0.8,0.125,10,7.959384411276949e-06,4.977006660904816e-07,8.059259220563848e-06,4.611953012600139e-07,9.987480928689863e-08,3.7752369755862875e-08,1.0127816458748293,0.005720249656947723
Enode,KCl,0.8,0.125,20,7.97826424543947e-06,4.736705542524203e-07,8.110936500829186e-06,4.76243944002426e-07,1.3267225538971704e-07,2.817899337301149e-09,1.0166564969737975,0.0007027341754991134
Enode,KCl,0.8,0.125,50,8.010745456053068e-06,4.7250101590708145e-07,8.2693087893864e-06,5.35089401670964e-07,2.585633333333317e-07,6.4195199960012e-08,1.032037096511072,0.006370471513579789
Enode,KCl,0.8,0.15,10,7.946494875621891e-06,4.970503652286854e-07,8.074955970149252e-06,5.369623501240684e-07,1.2846109452736186e-07,6.810355360573833e-08,1.0160078660978842,0.007926689864402819
Enode,KCl,0.8,0.15,20,7.876886898839138e-06,4.719493780463769e-07,8.054771542288557e-06,4.750866487910968e-07,1.7788464344941925e-07,3.177936126913287e-08,1.0226258007869553,0.004032504571685823
Enode,KCl,0.8,0.15,50,7.953216434494196e-06,5.120892803276745e-07,8.270336832504145e-06,5.500516943062451e-07,3.171203980099499e-07,6.205874007798013e-08,1.0397865430156419,0.006494584452538887
Enode,KCl,0.8,0.25,10,7.831951177446104e-06,4.944873613637834e-07,7.975792918739635e-06,5.40926289822508e-07,1.4384174129353184e-07,5.490628119926962e-08,1.0181612052915987,0.006171570182270883
Enode,KCl,0.8,0.25,20,7.809196533996684e-06,5.070269082688761e-07,7.983325240464345e-06,5.085525698968671e-07,1.7412870646766076e-07,2.3940389824755206e-08,1.0223586063813188,0.003279964548270752
Enode,KCl,0.8,0.25,50,7.949262553897182e-06,4.783941004607255e-07,8.163582354892205e-06,4.906493229198963e-07,2.1431980099502362e-07,7.77837319526952e-08,1.0269907383565606,0.009476085683952655
Enode,MgCl2,-0.8,0.105,10,8.781710514096186e-06,1.444172663263546e-06,9.158929734660035e-06,1.4139497871633592e-06,3.772192205638469e-07,1.4901252991998077e-07,1.0441991065159297,0.01854646868448937
Enode,MgCl2,-0.8,0.105,20,8.595681708126037e-06,1.4217077536359315e-06,9.11442751243781e-06,1.3771541740516213e-06,5.187458043117754e-07,1.2478352248783523e-07,1.062171442653426,0.02011895001311088
Enode,MgCl2,-0.8,0.105,50,8.553394908789385e-06,1.4993521999901194e-06,9.185281956882253e-06,1.4123195487392374e-06,6.31887048092869e-07,2.559293297172977e-07,1.076919667790422,0.03518770846381265
Enode,MgCl2,-0.8,0.11,10,8.75707752902156e-06,1.5084599616063697e-06,9.08548767827529e-06,1.4631487591903672e-06,3.284101492537308e-07,1.0637268661714502e-07,1.0389253378364496,0.015485576075129818
Enode,MgCl2,-0.8,0.11,20,8.548393399668326e-06,1.4020917789551933e-06,9.037724195688227e-06,1.3890664636709712e-06,4.893307960199005e-07,1.2766847352524547e-07,1.058553429217085,0.017759312074488307
Enode,MgCl2,-0.8,0.11,50,8.529019336650083e-06,1.4398748879489984e-06,9.198211575456052e-06,1.3499790476584719e-06,6.691922388059699e-07,1.8935559915848092e-07,1.0814914313023942,0.031434280585372544
Enode,MgCl2,-0.8,0.125,10,8.720050016583748e-06,1.5685795162987503e-06,9.020228938640132e-06,1.512302599367189e-06,3.001789220563844e-07,1.8427705810792383e-07,1.0360306385159992,0.02206579986366804
Enode,MgCl2,-0.8,0.125,20,8.467240414593698e-06,1.4165170859670392e-06,8.980096583747927e-06,1.3772078233376466e-06,5.128561691542286e-07,1.7597041200396916e-07,1.0623515010264855,0.02381479949444968
Enode,MgCl2,-0.8,0.125,50,8.439760912106136e-06,1.3946974233392876e-06,9.15481855721393e-06,1.3972528228677742e-06,7.150576451077937e-07,2.421686689517275e-07,1.08648751379864,0.03032212948196534
Enode,MgCl2,-0.8,0.15,10,8.530680132669983e-06,1.5102911320780382e-06,8.893939784411278e-06,1.4260594520872002e-06,3.63259651741294e-07,1.6368515990136134e-07,1.04473276497148,0.022772692973605374
Enode,MgCl2,-0.8,0.15,20,8.396011111111113e-06,1.4315842635612664e-06,8.936761592039801e-06,1.4336821145274837e-06,5.407504809286897e-07,1.34099587504282e-07,1.065668469706871,0.018093931702786375
Enode,MgCl2,-0.8,0.15,50,8.342890912106137e-06,1.4272116630609833e-06,9.059410381426201e-06,1.3609484996700783e-06,7.165194693200647e-07,2.2889904014554996e-07,1.0887337074877446,0.03346777058830399
Enode,MgCl2,-0.8,0.25,10,7.930461940298508e-06,1.4123572882768615e-06,8.355148242122722e-06,1.4151131026893335e-06,4.2468630182421245e-07,8.60274416939088e-08,1.054710048070502,0.013586042936271657
Enode,MgCl2,-0.8,0.25,20,7.992597081260364e-06,1.4353660285876127e-06,8.558396550580432e-06,1.3672479483773768e-06,5.657994693200672e-07,1.1254497192343154e-07,1.0735564955987689,0.024649204414472898
Enode,MgCl2,-0.8,0.25,50,8.198257960199005e-06,1.4691599612846649e-06,8.928063665008292e-06,1.392826774705508e-06,7.298057048092858e-07,1.710818808902966e-07,1.092301176340776,0.03128965276751679
Enode,MgCl2,-0.5,0.105,10,9.036719817578774e-06,1.5772830301758294e-06,9.248863598673301e-06,1.5328816783422936e-06,2.1214378109452673e-07,5.347807590656432e-08,1.0246174245988318,0.010102655834545076
Enode,MgCl2,-0.5,0.105,20,8.747153316749585e-06,1.5477358257652077e-06,9.114213399668326e-06,1.5533569360226116e-06,3.670600829187407e-07,8.616050525058706e-08,1.0427975329352985,0.011215311339541758
Enode,MgCl2,-0.5,0.105,50,8.677882968490878e-06,1.5418083740404629e-06,9.22395422885572e-06,1.5032047611957003e-06,5.460712603648414e-07,1.5497684759382642e-07,1.064935696683721,0.0224803755414198
Enode,MgCl2,-0.5,0.11,10,9.001172819237147e-06,1.547049446860671e-06,9.189497180762852e-06,1.5444558059141737e-06,1.8832436152570552e-07,2.8607991984703384e-08,1.0213876663539176,0.00486899679639357
Enode,MgCl2,-0.5,0.11,20,8.681777562189055e-06,1.4333105406018726e-06,8.994547064676615e-06,1.4445609401035789e-06,3.1276950248756154e-07,8.806197720235839e-08,1.0365421514323925,0.010307145694565938
Enode,MgCl2,-0.5,0.11,50,8.747015356550581e-06,1.5382374866598414e-06,9.246334494195687e-06,1.467453316629997e-06,4.993191376451073e-07,1.3999038222652475e-07,1.0594003045517117,0.022739947582280002
Enode,MgCl2,-0.5,0.125,10,8.862826351575457e-06,1.58418768643586e-06,9.092806019900497e-06,1.5382635534373242e-06,2.2997966832504112e-07,8.960401679388678e-08,1.0271665869575608,0.012534997281054089
Enode,MgCl2,-0.5,0.125,20,8.664063747927032e-06,1.5216887408020754e-06,8.979721177446102e-06,1.4982612876804444e-06,3.1565742951907153e-07,8.433980543484856e-08,1.0375468260523324,0.012439337677814877
Enode,MgCl2,-0.5,0.125,50,8.651727545605305e-06,1.4831760620286655e-06,9.108837031509122e-06,1.5443053678368163e-06,4.571094859038153e-07,1.4467880923741546e-07,1.0530413761100896,0.014443987442943064
Enode,MgCl2,-0.5,0.15,10,8.717025058043117e-06,1.5390447381205619e-06,8.895898524046435e-06,1.5314894516615207e-06,1.7887346600331718e-07,1.16329021425532e-07,1.0210084614601247,0.01300761203254175
Enode,MgCl2,-0.5,0.15,20,8.468209402985074e-06,1.5206531313916331e-06,8.863950199004977e-06,1.5000463346389982e-06,3.957407960199021e-07,7.322776786569322e-08,1.0480889366457584,0.01324912300568581
Enode,MgCl2,-0.5,0.15,50,8.556024527363184e-06,1.4690728246405915e-06,9.004749436152572e-06,1.456772513823799e-06,4.487249087893873e-07,9.114661461442293e-08,1.0536962050870458,0.014218177075881732
Enode,MgCl2,-0.5,0.25,10,7.993743781094528e-06,1.4116706266092066e-06,8.210949767827529e-06,1.3667423687127648e-06,2.172059867330023e-07,4.885636014159149e-08,1.0285642675225752,0.012161877822852774
Enode,MgCl2,-0.5,0.25,20,8.092669502487562e-06,1.4065530008931753e-06,8.378100381426202e-06,1.4117760321519925e-06,2.8543087893864066e-07,4.2711200399216325e-08,1.0359349457979996,0.007301020949323108
Enode,MgCl2,-0.5,0.25,50,8.289177346600331e-06,1.493127327343925e-06,8.673652388059702e-06,1.4938710294851886e-06,3.8447504145936955e-07,7.63418803494082e-08,1.0474096600927363,0.011708881692394335
Enode,MgCl2,0.5,0.105,10,8.91236656716418e-06,1.5490905000597395e-06,8.758975704809287e-06,1.5074279493546809e-06,-1.5339086235489288e-07,6.119930392629091e-08,0.983054487076371,0.00528047719530225
Enode,MgCl2,0.5,0.105,20,8.678258225538973e-06,1.4426543059607498e-06,8.530897230514098e-06,1.477724573212542e-06,-1.4736099502487482e-07,3.650394708162918e-08,0.982187513603856,0.007536993292553981
Enode,MgCl2,0.5,0.105,50,8.661513250414593e-06,1.4613880788733577e-06,8.421158142620233e-06,1.4498848590099907e-06,-2.4035510779436095e-07,2.701565983816775e-08,0.9718576816667784,0.004240252719696506
Enode,MgCl2,0.5,0.11,10,8.836886500829187e-06,1.4664153531788749e-06,8.756287048092868e-06,1.5194115835870828e-06,-8.059945273631964e-08,5.3607447551983855e-08,0.9899623159414449,0.00841134025153654
Enode,MgCl2,0.5,0.11,20,8.623694660033167e-06,1.4793873448883326e-06,8.457414825870647e-06,1.4616011659524017e-06,-1.6627983416252125e-07,1.7944275963349242e-08,0.9805587799803653,0.0014370398073711241
Enode,MgCl2,0.5,0.11,50,8.59279535655058e-06,1.4621875611399193e-06,8.403701857379766e-06,1.4354973615730315e-06,-1.890934991708128e-07,5.2443173937532105e-08,0.9779522208625729,0.004791313776410677
Enode,MgCl2,0.5,0.125,10,8.735174112769485e-06,1.5598603295061808e-06,8.677466384742952e-06,1.564500444974718e-06,-5.7707728026533984e-08,5.928600668732021e-09,0.9931648220022898,0.0019958865638922112
Enode,MgCl2,0.5,0.125,20,8.553592819237148e-06,1.4197363437582134e-06,8.391761210613599e-06,1.4479285777342109e-06,-1.618316086235497e-07,3.542231879669557e-08,0.9803182277380048,0.007154337094813367
Enode,MgCl2,0.5,0.125,50,8.519945257048093e-06,1.4147173311946684e-06,8.292558059701492e-06,1.4783472125616202e-06,-2.2738719734660085e-07,7.18099338238823e-08,0.9718857527231161,0.013221393557545476
Enode,MgCl2,0.5,0.15,10,8.601909237147595e-06,1.4915295779636385e-06,8.519095157545605e-06,1.5037172756297436e-06,-8.28140796019902e-08,2.1687909444124497e-08,0.9900083404951278,0.0035967555748308766
Enode,MgCl2,0.5,0.15,20,8.467358922056385e-06,1.4445312469110423e-06,8.33907535655058e-06,1.4619521152650756e-06,-1.2828356550580485e-07,4.6606415698841685e-08,0.9842358490818763,0.007565285032925498
Enode,MgCl2,0.5,0.15,50,8.507550132669984e-06,1.359701311120178e-06,8.260234908789387e-06,1.4111892937808604e-06,-2.473152238805972e-07,6.533777354568346e-08,0.9697209530318406,0.011979874197701287
Enode,MgCl2,0.5,0.25,10,7.939002653399667e-06,1.427969787416663e-06,7.949499900497512e-06,1.4460036755076026e-06,1.0497247097844462e-08,1.9130175700950812e-08,1.001043865271412,0.002492471371133105
Enode,MgCl2,0.5,0.25,20,8.092234726368159e-06,1.4616330925009508e-06,7.958198208955223e-06,1.4153586844915087e-06,-1.3403651741293546e-07,4.627868244647245e-08,0.9838010072893786,0.003041680858082522
Enode,MgCl2,0.5,0.25,50,8.293091940298507e-06,1.4334540042803736e-06,8.144524660033167e-06,1.441394663065428e-06,-1.4856728026534087e-07,1.4812748002292737e-08,0.9815593500208392,0.004888511937524241
Enode,MgCl2,0.8,0.105,10,8.638758855721394e-06,1.4355402679218646e-06,8.697612454394693e-06,1.500208197190506e-06,5.8853598673299736e-08,1.0244957126158425e-07,1.0061180811803307,0.010478910591590593
Enode,MgCl2,0.8,0.105,20,8.472933814262024e-06,1.3465203839333169e-06,8.64342479270315e-06,1.4971637482726483e-06,1.70490978441127e-07,1.9367637880661588e-07,1.0185713074089022,0.019825352500445564
Enode,MgCl2,0.8,0.105,50,8.421573084577114e-06,1.3869005472377789e-06,8.838331409618573e-06,1.6294123352004982e-06,4.1675832504145977e-07,3.206879229625683e-07,1.0473488961449198,0.0309246719840126
Enode,MgCl2,0.8,0.11,10,8.622290862354892e-06,1.4053289453474878e-06,8.642753233830846e-06,1.460404429532739e-06,2.0462371475951797e-08,1.31373882234584e-07,1.0018086709520764,0.013837046941129206
Enode,MgCl2,0.8,0.11,20,8.463128341625207e-06,1.3577705023471366e-06,8.593151127694857e-06,1.5094124009422841e-06,1.300227860696511e-07,2.1006681742907385e-07,1.0137411981743742,0.02210085531661681
Enode,MgCl2,0.8,0.11,50,8.42088094527363e-06,1.3351030094018362e-06,8.782835555555555e-06,1.5434858031695614e-06,3.619546102819249e-07,3.3561530101434496e-07,1.0413683434163215,0.03397335302490958
Enode,MgCl2,0.8,0.125,10,8.54252207296849e-06,1.4231573952809595e-06,8.575497097844113e-06,1.4836668584268768e-06,3.297502487562185e-08,1.1127053353353802e-07,1.00320532474435,0.011670821973056267
Enode,MgCl2,0.8,0.125,20,8.352597694859039e-06,1.3561535718359377e-06,8.520835257048093e-06,1.4557364837845958e-06,1.6823756218905468e-07,1.4234019604696336e-07,1.0192680316524487,0.013912466353892402
Enode,MgCl2,0.8,0.125,50,8.407457379767826e-06,1.3239745421845752e-06,8.791218922056384e-06,1.5370323745509998e-06,3.837615422885577e-07,3.1700653263584484e-07,1.043899678349777,0.031849578492701154
Enode,MgCl2,0.8,0.15,10,8.437586368159203e-06,1.4762138754079137e-06,8.472340746268656e-06,1.5401909063638525e-06,3.4754378109452005e-08,9.233116761090652e-08,1.0033486745718536,0.009697807888046358
Enode,MgCl2,0.8,0.15,20,8.296650248756217e-06,1.3541158576450335e-06,8.479240215588723e-06,1.5136668506971857e-06,1.8258996683250462e-07,1.8238553832244842e-07,1.0202926825507184,0.01841864463060519
Enode,MgCl2,0.8,0.15,50,8.334014527363184e-06,1.29581156377197e-06,8.725032504145936e-06,1.5232911473202052e-06,3.910179767827526e-07,3.0589865593351993e-07,1.0449973766597223,0.030188999992748433
Enode,MgCl2,0.8,0.25,10,7.960788341625205e-06,1.3788202593894756e-06,8.129143996683251e-06,1.441451606257668e-06,1.6835565505804518e-07,1.03971665308348e-07,1.0207200892528112,0.010340413784125771
Enode,MgCl2,0.8,0.25,20,8.03733510779436e-06,1.3731100586883876e-06,8.261915572139303e-06,1.505763401152833e-06,2.245804643449424e-07,1.4430457914478112e-07,1.0265391895206226,0.013761534759355463
Enode,MgCl2,0.8,0.25,50,8.327233847429519e-06,1.3879118749932452e-06,8.632787960199005e-06,1.5844748874650496e-06,3.0555411276948615e-07,2.939200715670018e-07,1.0349902790058616,0.02945547061145433
Standard,KCl,-0.8,0.105,10,7.892661691542289e-06,3.2913670667346564e-06,7.674154361525704e-06,3.1313768008882795e-06,-2.1850733001658357e-07,1.6345997834214438e-07,0.9744106264324729,0.008684606816343794
Standard,KCl,-0.8,0.105,20,7.642837462686566e-06,3.123931289216644e-06,7.48245016583748e-06,2.9922178584675953e-06,-1.6038729684908656e-07,1.3302883671738845e-07,0.9811092235090516,0.007942061203862712
Standard,KCl,-0.8,0.105,50,7.597585422885572e-06,3.0711360607561832e-06,7.5360854394693214e-06,2.936329242312943e-06,-6.149998341625104e-08,1.3839340748448983e-07,0.9953729412973255,0.013295081377552209
Standard,KCl,-0.8,0.11,10,7.87548199004975e-06,3.37198178084496e-06,7.642008689883913e-06,3.1581623544306605e-06,-2.334733001658363e-07,2.1382311701649927e-07,0.9741719100995958,0.013491864933419332
Standard,KCl,-0.8,0.11,20,7.6165243946932e-06,3.157231524695509e-06,7.487175572139303e-06,2.9981757082611914e-06,-1.293488225538972e-07,1.5907071698262777e-07,0.9865644825138653,0.013017290535053181
Standard,KCl,-0.8,0.11,50,7.560340116086236e-06,3.051981019454406e-06,7.515603747927031e-06,2.96388645140918e-06,-4.473636815920448e-08,1.0469252263364433e-07,0.996160352814095,0.01141180394883263
Standard,KCl,-0.8,0.125,10,7.815303963515755e-06,3.3296160568384695e-06,7.582264941956881e-06,3.132739129000461e-06,-2.3303902155887276e-07,1.9728827287778527e-07,0.9735287710686956,0.012366617240152878
Standard,KCl,-0.8,0.125,20,7.569849137645108e-06,3.1479185174026012e-06,7.443385406301824e-06,3.0113489505201957e-06,-1.2646373134328434e-07,1.38715048683807e-07,0.9860291123991362,0.010193025554862678
Standard,KCl,-0.8,0.125,50,7.536419054726368e-06,3.1062910615182803e-06,7.491721873963515e-06,2.9826500544566466e-06,-4.4697180762852944e-08,1.357228997602276e-07,0.9979882743647357,0.018257179219300146
Standard,KCl,-0.8,0.15,10,7.731979751243781e-06,3.318645821726322e-06,7.533650547263682e-06,3.0984632628264835e-06,-1.9832920398009973e-07,2.205549134303937e-07,0.9789103163386406,0.015941104087717005
Standard,KCl,-0.8,0.15,20,7.483358905472636e-06,3.0882011919892143e-06,7.420750398009951e-06,2.9668708636226673e-06,-6.260850746268608e-08,1.215506798099687e-07,0.9949234563279425,0.012314501000303563
Standard,KCl,-0.8,0.15,50,7.459873001658374e-06,3.0588087299463074e-06,7.4223112935323385e-06,2.9045796541463133e-06,-3.7561708126034964e-08,1.554043600953514e-07,0.9995974536446747,0.01695982925308126
Standard,KCl,-0.8,0.25,10,6.977222868988391e-06,2.7413914440340342e-06,7.073380829187397e-06,2.8046932302609635e-06,9.615796019900532e-08,7.434709898492689e-08,1.0131026182432663,0.007105755615726717
Standard,KCl,-0.8,0.25,20,7.087258059701493e-06,2.8152838899046903e-06,7.2049246102819234e-06,2.808959441141618e-06,1.176665505804316e-07,6.415276137704834e-08,1.0188006454040417,0.014937394497604407
Standard,KCl,-0.8,0.25,50,7.291002139303482e-06,2.974091222710602e-06,7.299423366500831e-06,2.879059862303777e-06,8.421227197347481e-09,9.768650763981062e-08,1.0046820506706255,0.014182468108677848
Standard,KCl,-0.5,0.105,10,8.155181608623548e-06,3.465965103880892e-06,8.074362454394693e-06,3.446987842827133e-06,-8.081915422885527e-08,1.9292599575580716e-08,0.989583967419844,0.001950755733526216
Standard,KCl,-0.5,0.105,20,7.776045555555555e-06,3.2412776439676493e-06,7.788716915422886e-06,3.264540285760364e-06,1.2671359867330548e-08,2.3266805429219024e-08,1.001041068772284,0.002127574289006036
Standard,KCl,-0.5,0.105,50,7.724567412935323e-06,3.2377871415470795e-06,7.82574520729685e-06,3.2441904420293913e-06,1.0117779436152577e-07,3.022442082191669e-08,1.014171114415213,0.005850045979513102
Standard,KCl,-0.5,0.11,10,8.142155456053069e-06,3.558380954976848e-06,8.042318341625206e-06,3.52030056397059e-06,-9.983711442786151e-08,4.0304957235930094e-08,0.9876179020332175,0.002068276394160359
Standard,KCl,-0.5,0.11,20,7.793580978441127e-06,3.2892450259005717e-06,7.813684892205639e-06,3.273380547167225e-06,2.0103913764511753e-08,4.816873851802056e-08,1.0036298399658972,0.008791967762322366
Standard,KCl,-0.5,0.11,50,7.751672288557214e-06,3.2317767728844703e-06,7.79666456053068e-06,3.261140002604686e-06,4.499227197346562e-08,2.936641731438822e-08,1.005455728713832,0.0012577101899619643
Standard,KCl,-0.5,0.125,10,8.060346268656715e-06,3.489905557889872e-06,8.017012072968493e-06,3.4277676855407717e-06,-4.333419568822415e-08,7.215858139064807e-08,0.9962457135718319,0.00868833289396417
Standard,KCl,-0.5,0.125,20,7.743406185737977e-06,3.2614500528394513e-06,7.745205870646766e-06,3.256610932677066e-06,1.7996849087902381e-09,1.2574250627687328e-08,1.0003641033479374,0.00189612082450599
Standard,KCl,-0.5,0.125,50,7.723953897180763e-06,3.315671056303086e-06,7.776261393034825e-06,3.2955219875131587e-06,5.2307495854063415e-08,2.6128529051804096e-08,1.0081519134531118,0.005232955494135569
Standard,KCl,-0.5,0.15,10,8.033915704809287e-06,3.5372045906441268e-06,7.921980099502488e-06,3.471338314401241e-06,-1.1193560530679903e-07,7.061223309349188e-08,0.986770233340502,0.005022986048009282
Standard,KCl,-0.5,0.15,20,7.695168126036484e-06,3.176224917877e-06,7.645211293532337e-06,3.233202127031827e-06,-4.99568325041466e-08,7.827463138244356e-08,0.991213219208618,0.011201499252023562
Standard,KCl,-0.5,0.15,50,7.65290311774461e-06,3.2260074500007194e-06,7.655512371475954e-06,3.2383583123514134e-06,2.60925373134369e-09,2.5957823766738803e-08,0.9998487123188237,0.004423906848972961
Standard,KCl,-0.5,0.25,10,6.964291194029851e-06,2.7916558933942183e-06,7.089511625207297e-06,2.8000439455159476e-06,1.252204311774457e-07,3.099437636566176e-08,1.0196613552969263,0.008911260600285168
Standard,KCl,-0.5,0.25,20,7.210562056384742e-06,2.885542689130685e-06,7.2656576451077936e-06,2.920636988436868e-06,5.509558872305069e-08,4.576932251258593e-08,1.0070523082543763,0.005874378295561582
Standard,KCl,-0.5,0.25,50,7.469954394693201e-06,3.1282102730244914e-06,7.4768344776119395e-06,3.1089754289058874e-06,6.880082918740199e-09,2.0549641472305204e-08,1.0017252456511077,0.003319952160560848
Standard,KCl,0.5,0.105,10,7.904976434494196e-06,3.340491262236261e-06,7.914803731343284e-06,3.269968107042299e-06,9.827296849087513e-09,7.069010740066894e-08,1.00367270223695,0.008633119417715848
Standard,KCl,0.5,0.105,20,7.601875140961858e-06,3.1238369389085458e-06,7.609090663349917e-06,3.046152808484827e-06,7.2155223880601275e-09,7.930441436732928e-08,1.0035509410234351,0.009604237748691626
Standard,KCl,0.5,0.105,50,7.585684112769485e-06,3.0835381267160467e-06,7.496901525704808e-06,2.950941178001043e-06,-8.878258706467669e-08,1.336464667162526e-07,0.9914093369857749,0.011543332855502662
Standard,KCl,0.5,0.11,10,7.917671625207296e-06,3.412693838109387e-06,7.927672338308458e-06,3.3674040022261854e-06,1.0000713101162259e-08,6.696239871615687e-08,1.0027025826406495,0.008807759297307186
Standard,KCl,0.5,0.11,20,7.628723930348259e-06,3.1776141434279046e-06,7.595629004975124e-06,3.1133969430205297e-06,-3.309492537313425e-08,7.053090810814311e-08,0.9972258709048353,0.0069214277985298065
Standard,KCl,0.5,0.11,50,7.549980547263681e-06,3.093332545424046e-06,7.491068822553897e-06,2.9654306374264892e-06,-5.891172470978385e-08,1.2897820328994907e-07,0.9955759940436875,0.012424355686916806
Standard,KCl,0.5,0.125,10,7.84450422885572e-06,3.3823053581176753e-06,7.845293946932006e-06,3.3466689429991917e-06,7.897180762845953e-10,4.034853648423099e-08,1.0012288127886178,0.00466302031920894
Standard,KCl,0.5,0.125,20,7.563819817578774e-06,3.17377116487801e-06,7.567733333333333e-06,3.113461289615315e-06,3.9135157545604666e-09,6.077861773993932e-08,1.002607921048053,0.007474425184189724
Standard,KCl,0.5,0.125,50,7.530960082918739e-06,3.1891726690821768e-06,7.4501079436152565e-06,3.013502298967812e-06,-8.08521393034828e-08,1.7910597637534881e-07,0.9940231852098558,0.017147310507074607
Standard,KCl,0.5,0.15,10,7.774224378109451e-06,3.3458903961427694e-06,7.812301990049752e-06,3.2793586402994094e-06,3.8077611940299074e-08,6.748792479458232e-08,1.0076872621652615,0.009727246823943839
Standard,KCl,0.5,0.15,20,7.428736550580431e-06,3.118167180885436e-06,7.498402205638475e-06,3.0700571726341593e-06,6.966565505804376e-08,4.974212643777583e-08,1.0121502430686808,0.010548549360496772
Standard,KCl,0.5,0.15,50,7.4181401990049755e-06,3.11299682877697e-06,7.446075257048094e-06,2.983913164330599e-06,2.7935058043118017e-08,1.290862309841394e-07,1.008700362069355,0.017853603497415188
Standard,KCl,0.5,0.25,10,6.9823233167495855e-06,2.749456893464255e-06,7.055330646766169e-06,2.7648263202142074e-06,7.30073300165836e-08,1.656504351436634e-08,1.010956385967787,0.002353346949277157
Standard,KCl,0.5,0.25,20,7.075397313432837e-06,2.8534706871222408e-06,7.135516533996683e-06,2.7878353861887842e-06,6.011922056384645e-08,6.563608816944696e-08,1.0116771363965185,0.011965640676667348
Standard,KCl,0.5,0.25,50,7.2718462354892205e-06,3.011586858011127e-06,7.277775207296849e-06,2.9495935032219963e-06,5.928971807628243e-09,6.238658785191192e-08,1.003122896044635,0.00870492127206633
Standard,KCl,0.8,0.105,10,7.519496932006632e-06,3.0968722471430437e-06,7.775552520729685e-06,3.2092081846645936e-06,2.5605558872305275e-07,1.1479249270402807e-07,1.0339346819394402,0.0040206645777305745
Standard,KCl,0.8,0.105,20,7.278013897180763e-06,2.9229161231723426e-06,7.733660431177445e-06,3.1488571195194853e-06,4.5564653399668297e-07,2.2984271724716803e-07,1.0613574498172575,0.008374085487841932
Standard,KCl,0.8,0.105,50,7.230883366500829e-06,2.82862783675523e-06,8.121690182421228e-06,3.3518768944182067e-06,8.908068159203974e-07,5.297492144715784e-07,1.117810745224803,0.02421239696559685
Standard,KCl,0.8,0.11,10,7.46427983416252e-06,3.0995062885893326e-06,7.78213368159204e-06,3.25477160506894e-06,3.1785384742951906e-07,1.5705288191565608e-07,1.0416766580252508,0.0056280954228052765
Standard,KCl,0.8,0.11,20,7.257057446102818e-06,2.8975666531211287e-06,7.763413101160863e-06,3.1993350868033193e-06,5.06355655058044e-07,3.100229546962876e-07,1.066777366959964,0.015912172388286155
Standard,KCl,0.8,0.11,50,7.19021887230514e-06,2.8203797220985418e-06,8.116313233830848e-06,3.38281429556836e-06,9.260943615257061e-07,5.722404978130308e-07,1.1226938272287201,0.028842283428986214
Standard,KCl,0.8,0.125,10,7.4320758043117745e-06,3.071643782237419e-06,7.764600547263681e-06,3.2279415996976408e-06,3.3252474295190575e-07,1.5636450125208566e-07,1.044070260209974,0.0026950268040199536
Standard,KCl,0.8,0.125,20,7.210303366500829e-06,2.9516624821285674e-06,7.750897097844112e-06,3.2718131948200714e-06,5.405937313432831e-07,3.201797929628042e-07,1.0715378530691244,0.012632223889627483
Standard,KCl,0.8,0.125,50,7.15394087893864e-06,2.7969845692705613e-06,8.11781728026534e-06,3.510471298130881e-06,9.638764013267002e-07,7.192180952371734e-07,1.1238665633990552,0.043266833987144676
Standard,KCl,0.8,0.15,10,7.368577694859037e-06,3.004376899219239e-06,7.696375754560532e-06,3.1859218123984928e-06,3.2779805970149464e-07,1.860246331294996e-07,1.043064979158097,0.008220603095536863
Standard,KCl,0.8,0.15,20,7.174284643449419e-06,2.8530770336998845e-06,7.724822819237147e-06,3.195927208983887e-06,5.505381757877284e-07,3.435971059993078e-07,1.072609431527975,0.015694475296873532
Standard,KCl,0.8,0.15,50,7.11910625207297e-06,2.7798316170757886e-06,8.142646998341626e-06,3.512971732436662e-06,1.0235407462686573e-06,7.367671030348894e-07,1.1328552926281235,0.04273083492908182
Standard,KCl,0.8,0.25,10,6.924063532338309e-06,2.6672260869717743e-06,7.325302023217246e-06,2.9365553034300367e-06,4.012384908789383e-07,2.7474663165786026e-07,1.0542856572716828,0.016395478350115476
Standard,KCl,0.8,0.25,20,6.97326968490879e-06,2.6481105086779136e-06,7.595133946932007e-06,3.1430367764547125e-06,6.21864262023217e-07,5.000496216743803e-07,1.080834632242065,0.03417009305643008
Standard,KCl,0.8,0.25,50,7.047463084577115e-06,2.7804993484324997e-06,8.025689734660032e-06,3.5132429658582565e-06,9.782266500829185e-07,7.361919442110264e-07,1.1272220299601206,0.04475130190445856
Standard,MgCl2,-0.8,0.105,10,9.087444610281923e-06,3.0082009601047296e-06,8.891334543946932e-06,3.050404095450659e-06,-1.9611006633499124e-07,4.4201057845109555e-08,0.9751548450153259,0.014806786247953589
Standard,MgCl2,-0.8,0.105,20,8.67206960199005e-06,2.931731484771411e-06,8.547385456053069e-06,3.0082626353605948e-06,-1.246841459369819e-07,7.729727052998752e-08,0.981709542791055,0.017401063869601486
Standard,MgCl2,-0.8,0.105,50,8.5377967827529e-06,2.9406805392898867e-06,8.533942106135986e-06,3.044721835000449e-06,-3.854676616915128e-09,1.105538154088333e-07,0.9960474443219497,0.015369397225525645
Standard,MgCl2,-0.8,0.11,10,9.101004742951906e-06,3.064205242177658e-06,8.86968671641791e-06,3.1002949759008173e-06,-2.3131802653399643e-07,4.7230079165679964e-08,0.9710787213559037,0.015646082991553362
Standard,MgCl2,-0.8,0.11,20,8.658568988391375e-06,2.9550231807503165e-06,8.553789386401327e-06,3.0296212742998442e-06,-1.0477960199005021e-07,7.683787199563344e-08,0.984247979269839,0.016047601486024018
Standard,MgCl2,-0.8,0.11,50,8.5710688225539e-06,2.943931112599397e-06,8.510457014925373e-06,3.000886575850296e-06,-6.061180762852448e-08,5.943621100172378e-08,0.9901837118566892,0.012485153696855884
Standard,MgCl2,-0.8,0.125,10,9.05913625207297e-06,2.9790862664941166e-06,8.841833366500828e-06,3.0110462755287035e-06,-2.173028855721395e-07,3.202135180688462e-08,0.9728402752129894,0.0145682416796392
Standard,MgCl2,-0.8,0.125,20,8.669757280265339e-06,2.90568606705919e-06,8.49835648424544e-06,3.0001672264341154e-06,-1.7140079601989878e-07,1.0355087990777845e-07,0.9754154476098789,0.02160569621802457
Standard,MgCl2,-0.8,0.125,50,8.55550912106136e-06,2.944804301807623e-06,8.449507097844111e-06,3.0442536529503153e-06,-1.0600202321724787e-07,1.0408999790671308e-07,0.9830432512917869,0.019909666675466647
Standard,MgCl2,-0.8,0.15,10,9.005817263681593e-06,2.923228438458066e-06,8.77117752902156e-06,3.014020493038347e-06,-2.3463973466003354e-07,9.385800573803443e-08,0.9689877137282994,0.022919701658211583
Standard,MgCl2,-0.8,0.15,20,8.616321094527362e-06,2.867079900942489e-06,8.445218092868988e-06,2.9580032528032983e-06,-1.7110300165837375e-07,1.0304451441797381e-07,0.9755197350892587,0.020966767223402367
Standard,MgCl2,-0.8,0.15,50,8.574132039800995e-06,2.849798119545712e-06,8.41981424543947e-06,2.942275535016666e-06,-1.543177943615253e-07,9.900095166909386e-08,0.9771654947767128,0.02288245542923758
Standard,MgCl2,-0.8,0.25,10,7.70544646766169e-06,2.6487241687555646e-06,7.826652205638476e-06,2.7226497137802705e-06,1.212057379767843e-07,7.413815935978318e-08,1.0144762092041628,0.0056646228538303695
Standard,MgCl2,-0.8,0.25,20,8.010092703150913e-06,2.6981822237653606e-06,8.033975356550582e-06,2.7855371763360955e-06,2.3882653399669774e-08,9.457255844087683e-08,1.000339934056054,0.012022761095667654
Standard,MgCl2,-0.8,0.25,50,8.31167527363184e-06,2.793614919299347e-06,8.172162703150912e-06,2.8389315138103915e-06,-1.3951257048092984e-07,4.6587180879796066e-08,0.9800212988456467,0.014613809742001344
Standard,MgCl2,-0.5,0.105,10,9.474270248756219e-06,3.103518052809137e-06,9.450408524046435e-06,3.125458587999892e-06,-2.3861724709784632e-08,3.9801321893226564e-08,0.9967424267026553,0.004328460829346402
Standard,MgCl2,-0.5,0.105,20,8.988560281923715e-06,3.0002755771366875e-06,9.046877645107796e-06,3.0796312873753366e-06,5.8317363184080084e-08,7.988027891840879e-08,1.0046302950981176,0.00834989863517676
Standard,MgCl2,-0.5,0.105,50,8.953706932006632e-06,3.039942506268547e-06,9.09444119402985e-06,3.193511488717972e-06,1.4073426202321767e-07,1.5362848898031266e-07,1.012255584586176,0.015494344434694428
Standard,MgCl2,-0.5,0.11,10,9.467254378109452e-06,3.097901743556534e-06,9.407707147595358e-06,3.174126014312715e-06,-5.9547230514095534e-08,7.772084705490784e-08,0.9909541544179937,0.012634367362421224
Standard,MgCl2,-0.5,0.11,20,8.968968175787728e-06,3.013901325825463e-06,9.031594825870644e-06,3.1028832330008517e-06,6.262665008291797e-08,8.940506538429085e-08,1.004843034031106,0.009558086552968904
Standard,MgCl2,-0.5,0.11,50,8.929746384742952e-06,3.053271958632525e-06,9.040074859038142e-06,3.1965349105336134e-06,1.1032847429518976e-07,1.4474294352735694e-07,1.0089615238501304,0.014888434685188108
Standard,MgCl2,-0.5,0.125,10,9.44099927031509e-06,3.084865104076028e-06,9.438608938640133e-06,3.154549099380671e-06,-2.3903316749575707e-09,6.996275657365176e-08,0.9976687216754413,0.009718403383402624
Standard,MgCl2,-0.5,0.125,20,8.953806169154228e-06,2.957891630385745e-06,9.010522570480928e-06,3.042298200629457e-06,5.671640132669983e-08,8.44520947326708e-08,1.0042937820572682,0.009313052094915298
Standard,MgCl2,-0.5,0.125,50,8.937494792703152e-06,2.97153364854759e-06,9.053874759535654e-06,3.1467151946169404e-06,1.1637996683250362e-07,1.7534391983237749e-07,1.008733940223642,0.019423316061417006
Standard,MgCl2,-0.5,0.15,10,9.391595389718075e-06,2.9987324298000624e-06,9.361821326699835e-06,3.0708206651408897e-06,-2.9774063018241443e-08,7.319525093697717e-08,0.9944736599879986,0.011390251776012961
Standard,MgCl2,-0.5,0.15,20,8.863598374792703e-06,2.9305333706561946e-06,8.940183615257046e-06,3.0122934382157207e-06,7.658524046434467e-08,8.182335268802277e-08,1.0068827693129296,0.008010928047369826
Standard,MgCl2,-0.5,0.15,50,8.909958540630183e-06,2.935077706166858e-06,9.016965008291874e-06,3.046535879036097e-06,1.0700646766169298e-07,1.1150184610211243e-07,1.009628207982632,0.010993854323546586
Standard,MgCl2,-0.5,0.25,10,7.724208192371475e-06,2.6688331846761257e-06,7.873091857379768e-06,2.7277400385759874e-06,1.488836650082918e-07,6.191890725395353e-08,1.019103163048633,0.002262558342779436
Standard,MgCl2,-0.5,0.25,20,8.16028064676617e-06,2.7223565515814733e-06,8.246297230514095e-06,2.797191702513056e-06,8.601658374792667e-08,7.521613410856505e-08,1.0089826073022412,0.007007488623704261
Standard,MgCl2,-0.5,0.25,50,8.62539543946932e-06,2.858576852850512e-06,8.628341791044775e-06,2.943542178064925e-06,2.946351575455796e-09,1.074419991599263e-07,0.9979014949498642,0.012317058355421687
Standard,MgCl2,0.5,0.105,10,9.116919170812604e-06,3.0538569116632113e-06,9.090309237147595e-06,3.0090719967584394e-06,-2.6609933665008058e-08,4.5307527575223525e-08,0.9981767458671905,0.0049056910565384165
Standard,MgCl2,0.5,0.105,20,8.678139684908789e-06,2.9491473773221348e-06,8.632096351575455e-06,2.928366727957067e-06,-4.604333333333362e-08,2.953828305638505e-08,0.9947732093477581,0.002128232986410737
Standard,MgCl2,0.5,0.105,50,8.588960928689885e-06,2.9965891253042264e-06,8.40405784411277e-06,2.8966089788525366e-06,-1.8490308457711633e-07,1.0174272137434476e-07,0.9798156376158663,0.0063687710181452376
Standard,MgCl2,0.5,0.11,10,9.11494215588723e-06,3.0627144029287948e-06,9.10112374792703e-06,3.040870972050516e-06,-1.3818407960199524e-08,2.7369685767783865e-08,0.9990963244067159,0.0033504108313755425
Standard,MgCl2,0.5,0.11,20,8.664695688225538e-06,2.9453910549292796e-06,8.611279253731343e-06,2.8906753163620832e-06,-5.3416434494195754e-08,6.335336731137728e-08,0.9949223367152037,0.005455302570561955
Standard,MgCl2,0.5,0.11,50,8.608691210613599e-06,2.9723832049755776e-06,8.449546451077943e-06,2.905827390546501e-06,-1.591447595356553e-07,6.898243559073538e-08,0.9820017572929053,0.0030134748200612614
Standard,MgCl2,0.5,0.125,10,9.095943399668325e-06,3.004228623504981e-06,9.085823233830846e-06,2.943609285657243e-06,-1.01201658374793e-08,6.065809928229149e-08,1.0006413967294578,0.008009487240893069
Standard,MgCl2,0.5,0.125,20,8.67598552238806e-06,2.9255663656050977e-06,8.60586175787728e-06,2.8795809739938596e-06,-7.012376451077956e-08,5.003209543646914e-08,0.9927484219963686,0.004461172792639858
Standard,MgCl2,0.5,0.125,50,8.630634228855722e-06,2.968205699007439e-06,8.468544643449421e-06,2.857175671479617e-06,-1.6208958540630148e-07,1.1618394000641458e-07,0.9832781283979531,0.010134199881392286
Standard,MgCl2,0.5,0.15,10,9.062200812603648e-06,2.9176328580326444e-06,9.012460912106136e-06,2.894271791773865e-06,-4.9739900497511335e-08,2.7068510688514406e-08,0.9946778236081917,0.001467786207944328
Standard,MgCl2,0.5,0.15,20,8.604064129353233e-06,2.921461236476715e-06,8.552229767827528e-06,2.834404294498152e-06,-5.183436152570504e-08,8.706667487585196e-08,0.9963111827762718,0.010439843340287495
Standard,MgCl2,0.5,0.15,50,8.609579883913765e-06,2.8749551510627216e-06,8.491715837479269e-06,2.762152901236402e-06,-1.1786404643449444e-07,1.1391730786854654e-07,0.9887952800743024,0.01159631074323918
Standard,MgCl2,0.5,0.25,10,7.657328656716418e-06,2.654367683015854e-06,7.714460464344942e-06,2.6464134807668193e-06,5.713180762852414e-08,2.923067990320455e-08,1.0083827856612786,0.0048185027189871
Standard,MgCl2,0.5,0.25,20,8.018792752902157e-06,2.722787127456469e-06,7.980951890547264e-06,2.6356916703688927e-06,-3.7840862354891926e-08,8.96098738145154e-08,0.9980665198950794,0.01294727359466933
Standard,MgCl2,0.5,0.25,50,8.349493499170811e-06,2.8511620708974104e-06,8.215022388059702e-06,2.754596028459155e-06,-1.3447111111111076e-07,9.804350824487712e-08,0.9855742694689867,0.007413960688309648
Standard,MgCl2,0.8,0.105,10,8.573144643449418e-06,2.964362967723584e-06,9.001785190713102e-06,2.9693292763939796e-06,4.286405472636825e-07,6.1854292481846355e-09,1.0549950930862086,0.021939054866965894
Standard,MgCl2,0.8,0.105,20,8.155201077943615e-06,2.8602003445877584e-06,8.919980116086234e-06,2.959553835487513e-06,7.647790381426206e-07,1.0583134490086897e-07,1.0998817493368929,0.026107338828623896
Standard,MgCl2,0.8,0.105,50,7.99277529021559e-06,2.82828157871939e-06,9.349487479270317e-06,3.0369764693404547e-06,1.356712189054727e-06,2.0884683919374885e-07,1.1801950050681727,0.04461266067785078
Standard,MgCl2,0.8,0.11,10,8.555510414593698e-06,2.9845204219612573e-06,8.991761459369817e-06,2.9911134921293265e-06,4.3625104477612023e-07,1.8115297077220204e-08,1.0560588971446168,0.021828240980011644
Standard,MgCl2,0.8,0.11,20,8.112934560530681e-06,2.882532452627938e-06,8.897245655058042e-06,2.95831878462615e-06,7.843110945273631e-07,8.141603844284816e-08,1.1042484370035646,0.03200252929461893
Standard,MgCl2,0.8,0.11,50,7.998883814262023e-06,2.8148833430204548e-06,9.359251326699833e-06,2.9899721585503505e-06,1.3603675124378108e-06,1.7712047566711313e-07,1.1814368722544824,0.04861808149950588
Standard,MgCl2,0.8,0.125,10,8.511425456053067e-06,2.89026556522693e-06,8.983143731343285e-06,2.8850610166503584e-06,4.717182752902165e-07,1.6424624888817426e-08,1.0611765368558055,0.02589124024956217
Standard,MgCl2,0.8,0.125,20,8.103838507462688e-06,2.8274396249290935e-06,8.920987711442787e-06,2.9237758745976027e-06,8.171492039800993e-07,1.0664719838340306e-07,1.108136282523705,0.0327627305067108
Standard,MgCl2,0.8,0.125,50,7.990896699834165e-06,2.85192733325282e-06,9.397169402985075e-06,3.0092392244573693e-06,1.4062727031509116e-06,1.5734653965421506e-07,1.1894803175537436,0.05720764714153282
Standard,MgCl2,0.8,0.15,10,8.431655124378109e-06,2.8865426368085123e-06,8.902307396351575e-06,2.891931317477908e-06,4.706522719734665e-07,2.4566120131719614e-08,1.061106795488391,0.023176950683043655
Standard,MgCl2,0.8,0.15,20,8.081342835820896e-06,2.8050911161694307e-06,8.929074660033166e-06,2.8920546444920415e-06,8.477318242122713e-07,8.714496192580727e-08,1.112549786128536,0.03350478006862019
Standard,MgCl2,0.8,0.15,50,7.903338905472637e-06,2.789081206370216e-06,9.397625489220563e-06,2.946345812164017e-06,1.494286583747926e-06,1.5729326641281063e-07,1.2033807905572271,0.061512967495783506
Standard,MgCl2,0.8,0.25,10,7.556109900497512e-06,2.6283541275363906e-06,8.221844129353232e-06,2.7022889948198864e-06,6.657342288557208e-07,7.393969425019347e-08,1.0943201098361517,0.027067120726575716
Standard,MgCl2,0.8,0.25,20,7.730653532338308e-06,2.6684389631219636e-06,8.662107164179104e-06,2.7841554191503023e-06,9.314536318407954e-07,1.227354323839134e-07,1.1281197559734173,0.03316313557882399
Standard,MgCl2,0.8,0.25,50,7.769044378109453e-06,2.70066785014794e-06,9.33746648424544e-06,2.902246728083021e-06,1.5684221061359863e-06,2.0987478867603988e-07,1.2146835019967577,0.05525697858246783
